Date,RunId,ViewId,ViewUniqueId,ViewName,ViewType,SheetNumber,IsOnSheet,Scale,Discipline,Phase,ViewTemplate_Name,IsTemplate,ExporterVersion,ConfigHash,ViewFrameHash,FromCache,ElapsedSec,CellSize_ft,CellSizeRequested_ft,CellSizeEffective_ft,ResolutionMode,CapTriggered
2025-10-25,20251025T000000,29165,199fb5e0-54cf-4175-b6d5-aee8525781c9-000071ed,Stantec Graphic Standards - Text & Dim Styles (Imperial),DraftingView,,False,1,Architectural,,,False,vop_interwoven,c4bd07c2,0be35ad0,N,0.734,0.010417,0.010417,0.010417,canonical,False
2025-10-25,20251025T000000,29296,199fb5e0-54cf-4175-b6d5-aee8525781c9-00007270,Stantec Graphic Standards - Filled Region Types,DraftingView,,False,1,Coordination,,,False,vop_interwoven,c4bd07c2,f39f1b99,N,1.078,0.010417,0.010417,0.010417,canonical,False
2025-10-25,20251025T000000,30169,199fb5e0-54cf-4175-b6d5-aee8525781c9-000075d9,Start Here Drafting View - Origin Point,DraftingView,,False,1,Coordination,,,False,vop_interwoven,c4bd07c2,f39f1b99,N,0.078,0.010417,0.010417,0.010417,canonical,False
2025-10-25,20251025T000000,31910,686cb78f-70d6-4017-9683-34468389edeb-00007ca6,Stantec Graphic Standards - Line Styles,DraftingView,,False,1,Coordination,,,False,vop_interwoven,c4bd07c2,f39f1b99,N,0.828,0.010417,0.010417,0.010417,canonical,False
2025-10-25,20251025T000000,49370,c5a8f9c1-a882-43d8-8749-25183d9a13bb-0000c0da,SEA LEVEL,FloorPlan,,False,96,Coordination,New Construction,z_Floor Plan - Do Not Rename,False,vop_interwoven,c4bd07c2,1c1b4f43,N,0.469,12.603271,1.0,12.603271,adaptive,True
2025-10-25,20251025T000000,102491,a4095ea8-a4f2-4b85-9aba-078ff7459f6a-0001905b,Model QC-Level 1-Fire Rating Check,FloorPlan,,False,96,Architectural,New Construction,z_Filters - Fire Rated Wall/Door Check,False,vop_interwoven,c4bd07c2,90246845,N,0.281,6.317256,1.0,6.317256,adaptive,True
2025-10-25,20251025T000000,140929,4d43559f-de67-4c41-ad1a-272c29bdd1ae-00022681,Model QC-Level 1-Generic Element Check,FloorPlan,,False,96,Architectural,New Construction,z_Filters - Generic Elements Check,False,vop_interwoven,c4bd07c2,90246845,N,0.281,6.317256,1.0,6.317256,adaptive,True
2025-10-25,20251025T000000,146925,64d3f457-04cb-481e-9da9-2f91f48e8823-00023ded,SEA LEVEL,CeilingPlan,,False,96,Coordination,New Construction,z_Ceiling Plan - Do Not Rename,False,vop_interwoven,c4bd07c2,1d851332,N,25.828,12.603271,1.0,12.603271,adaptive,True
2025-10-25,20251025T000000,266877,590a4c46-ee1a-411e-adbd-8d257a4e5a2c-0004127d,Model QC-Level 1-Partition Acoustical Rating Check,FloorPlan,,False,96,Architectural,New Construction,z_Filters - Partition - Acoustically Rated,False,vop_interwoven,c4bd07c2,90246845,N,0.312,6.317256,1.0,6.317256,adaptive,True
2025-10-25,20251025T000000,266887,590a4c46-ee1a-411e-adbd-8d257a4e5a2c-00041287,Model QC-Level 1-Partition Termination Check,FloorPlan,,False,96,Architectural,New Construction,z_Filters - Partition - Termination,False,vop_interwoven,c4bd07c2,90246845,N,0.297,6.317256,1.0,6.317256,adaptive,True
2025-10-25,20251025T000000,405908,b20382c8-cfeb-417c-abe2-d3ade7184433-00063194,Finish Schedule Families,DraftingView,,False,96,Coordination,,,False,vop_interwoven,c4bd07c2,5ad311e6,N,0.047,1.0,1.0,1.0,canonical,False
2025-10-25,20251025T000000,630733,92ef78ca-f258-4d4d-84b4-28cd05b808dc-00099fcd,Elevation 5 - a,Elevation,,False,96,Coordination,New Construction,,False,vop_interwoven,c4bd07c2,6147c316,N,0.219,1.0,1.0,1.0,canonical,False
2025-10-25,20251025T000000,848296,9d615027-b28a-4930-a631-83eb2a15e153-000cf1a1,Elevation 10 - a,Elevation,,False,96,Coordination,New Construction,,False,vop_interwoven,c4bd07c2,6147c316,N,0.203,1.0,1.0,1.0,canonical,False
2025-10-25,20251025T000000,870213,519a5fe2-b10a-4f76-bd87-89d20bbddd3c-000d3719,Elevation 12 - a,Elevation,,False,96,Coordination,New Construction,,False,vop_interwoven,c4bd07c2,6147c316,N,0.156,1.0,1.0,1.0,canonical,False
2025-10-25,20251025T000000,871863,0a9df93d-20c9-452c-a45c-1e33d4e96600-000d4db7,(N) LEVEL 2,FloorPlan,A112,True,128,Architectural,New Construction,(N) HOSPITAL - LVL 2,False,vop_interwoven,c4bd07c2,6816094c,N,13.703,1.333333,1.333333,1.333333,canonical,False
2025-10-25,20251025T000000,895120,a92de7f0-db9a-4b09-b78a-7e6d23d3fb35-000da890,Elevation 13 - a,Elevation,,False,96,Coordination,New Construction,,False,vop_interwoven,c4bd07c2,6147c316,N,0.156,1.0,1.0,1.0,canonical,False
2025-10-25,20251025T000000,929475,c6986922-cbd6-45f2-8dab-61ed631a690a-000e0583,(N) LEVEL 3,FloorPlan,A113,True,128,Architectural,New Construction,(N) HOSPITAL - LVL 3 TEMPLATES,False,vop_interwoven,c4bd07c2,720b7101,N,24.656,1.333333,1.333333,1.333333,canonical,False
2025-10-25,20251025T000000,929557,53d88656-3086-45d5-b68c-a9d5de06288f-000e2ecf,(N) LEVEL 4,FloorPlan,A114,True,128,Architectural,New Construction,(N) HOSPITAL - LVL 4,False,vop_interwoven,c4bd07c2,f08d9bd3,N,14.422,1.333333,1.333333,1.333333,canonical,False
2025-10-25,20251025T000000,929569,53d88656-3086-45d5-b68c-a9d5de06288f-000e2f0b,(N) LEVEL 5,FloorPlan,A115,True,128,Architectural,New Construction,(N) HOSPITAL - LVL 4,False,vop_interwoven,c4bd07c2,bcb451a0,N,13.719,1.333333,1.333333,1.333333,canonical,False
2025-10-25,20251025T000000,929661,53d88656-3086-45d5-b68c-a9d5de06288f-000e2f7d,(N) PENTHOUSE,FloorPlan,A117,True,128,Architectural,New Construction,(N) HOSPITAL - PH,False,vop_interwoven,c4bd07c2,dc55ac55,N,0.406,1.333333,1.333333,1.333333,canonical,False
2025-10-25,20251025T000000,930011,53d88656-3086-45d5-b68c-a9d5de06288f-000e30db,(N) LOWER LEVEL,FloorPlan,A110,True,128,Architectural,New Construction,(N) - HOSPITAL - BASEMENT,False,vop_interwoven,c4bd07c2,294291c3,N,9.656,1.333333,1.333333,1.333333,canonical,False
2025-10-25,20251025T000000,931095,3a994d78-35bb-4e53-aea0-2d1a9432ed12-000e3517,(N) LEVEL 1,FloorPlan,A111,True,128,Architectural,New Construction,(N) HOSPITAL - LVL 1,False,vop_interwoven,c4bd07c2,763b26d4,N,25.828,1.333333,1.333333,1.333333,canonical,False
2025-10-25,20251025T000000,984914,5957e2b3-5c2a-46e7-bf4c-4bdf0a21d047-000eeca6,1 - a,Elevation,,False,96,Coordination,New Construction,,False,vop_interwoven,c4bd07c2,6147c316,N,0.156,1.0,1.0,1.0,canonical,False
2025-10-25,20251025T000000,986128,1fd3bbd2-8f17-427f-9bac-06a71bc7006f-000f0c10,Section 3,Section,,False,96,Architectural,New Construction,,False,vop_interwoven,c4bd07c2,5e52bf90,N,18.562,1.0,1.0,1.0,canonical,False
2025-10-25,20251025T000000,989828,1fd3bbd2-8f17-427f-9bac-06a71bc7006f-000f1a84,LEVEL 4,CeilingPlan,,False,96,Coordination,New Construction,,False,vop_interwoven,c4bd07c2,1d851332,N,17.344,12.603271,1.0,12.603271,adaptive,True
2025-10-25,20251025T000000,994724,1fd3bbd2-8f17-427f-9bac-06a71bc7006f-000f2da4,EXTERIOR ELEVATION - EAST,Elevation,4.1,True,192,Architectural,New Construction,"Elevation - Exterior - 1/16""",False,vop_interwoven,c4bd07c2,4391b1d4,N,0.328,2.0,2.0,2.0,canonical,False
2025-10-25,20251025T000000,994742,1fd3bbd2-8f17-427f-9bac-06a71bc7006f-000f2db6,(N) HOSPITAL - ROOF PLAN,FloorPlan,,False,96,Architectural,New Construction,,False,vop_interwoven,c4bd07c2,90246845,N,50.141,13.471098,1.0,13.471098,adaptive,True
2025-10-25,20251025T000000,1077605,2518ddd1-2e89-4906-abd4-2dfcb5b79670-00107165,EXTERIOR ELEVATION - NORTH,Elevation,4.0,True,192,Architectural,New Construction,"Elevation - Exterior - 1/16""",False,vop_interwoven,c4bd07c2,21b3d292,N,0.250,2.0,2.0,2.0,canonical,False
2025-10-25,20251025T000000,1077615,2518ddd1-2e89-4906-abd4-2dfcb5b79670-0010716f,EXTERIOR ELEVATION -SOUTH,Elevation,4.0,True,192,Architectural,New Construction,"Elevation - Exterior - 1/16""",False,vop_interwoven,c4bd07c2,21b3d292,N,0.250,2.0,2.0,2.0,canonical,False
2025-10-25,20251025T000000,1191526,326ecc26-3523-496a-8cea-ddb4d7b5fb60-00122d85,(N) HOSPITAL - STRUCTURAL PLAN,FloorPlan,A-900,True,192,Architectural,New Construction,(N) HOSPITAL - MOMENT FRAMES,False,vop_interwoven,c4bd07c2,6c429c3b,N,17.016,2.0,2.0,2.0,canonical,False
2025-10-25,20251025T000000,1191610,93e54350-c974-4f1f-ad10-477b60c53c9d-00122eba,LEVEL 3,CeilingPlan,,False,96,Architectural,New Construction,"Ceiling Plan - 1/8""",False,vop_interwoven,c4bd07c2,0c105088,N,6.781,12.035487,1.0,12.035487,adaptive,True
2025-10-25,20251025T000000,1193585,a382a32e-1426-4793-9553-8802e3e9b462-001230d4,(N) HOSPITAL - SITE PLAN - LEVEL 1,FloorPlan,,False,192,Architectural,New Construction,SITE PLAN,False,vop_interwoven,c4bd07c2,abd648f2,N,18.609,2.0,2.0,2.0,canonical,False
2025-10-25,20251025T000000,1625261,77fd1122-2251-4eb3-8349-8c09c4610e2a-00187bc7,Section 6,Section,,False,128,Architectural,New Construction,,False,vop_interwoven,c4bd07c2,698085a8,N,51.047,1.469877,1.333333,1.469877,adaptive,True
2025-10-25,20251025T000000,1820033,509d897c-41d8-4915-8bbf-5687bffd6fdb-001ba926,E-W HOSPITAL SECTION THROUGH (E) HOSPITAL,Section,A321,True,360,Architectural,New Construction,"Section - Site 1""=30'",False,vop_interwoven,c4bd07c2,3174aac6,N,8.984,3.75,3.75,3.75,canonical,False
2025-10-25,20251025T000000,1873157,608e8118-b10c-41d0-8c80-d238881d6e35-001c7a18,SITE SECTION,Section,A009,True,720,Architectural,New Construction,,False,vop_interwoven,c4bd07c2,696be584,N,19.719,7.5,7.5,7.5,canonical,False
2025-10-25,20251025T000000,1876337,1c61950c-c83f-477a-bcd5-e780aa175d6d-001c9692,(N) HOSPITAL - LEVEL 3(1),FloorPlan,,False,96,Architectural,New Construction,,False,vop_interwoven,c4bd07c2,90246845,N,35.328,12.035487,1.0,12.035487,adaptive,True
2025-10-25,20251025T000000,2506168,62df6da4-da62-4e2f-9607-97954f9fb9b1-00263a3f,SITE PLAN - LEVEL 1 - NEW SITEWORK 11X17 - REMOVED HOSPITAL,FloorPlan,A002.2,True,1200,Architectural,New Construction,SITE PLAN - (N) HOSPITAL - LVL 1,False,vop_interwoven,c4bd07c2,2a5104d7,N,17.344,12.5,12.5,12.5,canonical,False
2025-10-25,20251025T000000,2507678,62df6da4-da62-4e2f-9607-97954f9fb9b1-00264377,SITE PLAN - LEVEL 1 - NEW SITEWORK 11X17 - EXISTING HOSPITAL,FloorPlan,A002.1,True,1200,Architectural,New Construction,SITE PLAN - (N) HOSPITAL - LVL 1,False,vop_interwoven,c4bd07c2,7be8f4aa,N,13.500,12.5,12.5,12.5,canonical,False
2025-10-25,20251025T000000,2509574,62df6da4-da62-4e2f-9607-97954f9fb9b1-00264b06,SITE PLAN - LEVEL 2  - NEW SITEWORK 11X17 - REMOVED HOSPITAL,FloorPlan,A003.2,True,1200,Architectural,New Construction,SITE PLAN - (N) HOSPITAL - LVL 2,False,vop_interwoven,c4bd07c2,f733d529,N,14.797,12.5,12.5,12.5,canonical,False
2025-10-25,20251025T000000,2515667,62df6da4-da62-4e2f-9607-97954f9fb9b1-002662d3,SITE PLAN - LEVEL 3 - NEW SITEWORK 11X17 - EXISTING HOSPITAL,FloorPlan,A004.1,True,1200,Architectural,New Construction,SITE PLAN - (N) HOSPITAL - LVL 3,False,vop_interwoven,c4bd07c2,e2da6aa3,N,14.109,12.5,12.5,12.5,canonical,False
2025-10-25,20251025T000000,2519331,62df6da4-da62-4e2f-9607-97954f9fb9b1-00267123,SITE PLAN - LEVEL 3 - NEW SITEWORK 11X17 - REMOVED HOSPITAL,FloorPlan,A004.2,True,1200,Architectural,New Construction,SITE PLAN - (N) HOSPITAL - LVL 3,False,vop_interwoven,c4bd07c2,474e10ec,N,14.844,12.5,12.5,12.5,canonical,False
2025-10-25,20251025T000000,2520920,62df6da4-da62-4e2f-9607-97954f9fb9b1-00267758,SITE PLAN - LEVEL 4 - NEW SITEWORK 11X17 - REMOVED HOSPITAL,FloorPlan,A005.2,True,1200,Architectural,New Construction,SITE PLAN - (N) HOSPITAL - LVL 4,False,vop_interwoven,c4bd07c2,eeb5e8b2,N,49.312,12.5,12.5,12.5,canonical,False
2025-10-25,20251025T000000,2522808,62df6da4-da62-4e2f-9607-97954f9fb9b1-00267eb8,SITE PLAN - LEVEL 5 - NEW SITEWORK 11X17 - REMOVED HOSPITAL,FloorPlan,A006.2,True,1200,Architectural,New Construction,SITE PLAN - (N) HOSPITAL - LVL 5,False,vop_interwoven,c4bd07c2,f2944ade,N,57.609,12.5,12.5,12.5,canonical,False
2025-10-25,20251025T000000,2524741,62df6da4-da62-4e2f-9607-97954f9fb9b1-00268645,SITE PLAN - PENTHOUSE - NEW SITEWORK 11X17 - REMOVED HOSPITAL,FloorPlan,A007.2,True,1200,Architectural,New Construction,SITE PLAN - (N) HOSPITAL - PENTHOUSE,False,vop_interwoven,c4bd07c2,93745c2f,N,54.156,12.5,12.5,12.5,canonical,False
2025-10-25,20251025T000000,2527654,62df6da4-da62-4e2f-9607-97954f9fb9b1-002691a6,SITE PLAN - ROOF - NEW SITEWORK 11X17 - EXISTING HOSPITAL,FloorPlan,A008.1,True,1200,Architectural,New Construction,SITE PLAN - (N) HOSPITAL - LVL 1,False,vop_interwoven,c4bd07c2,b68d1eaa,N,53.734,12.5,12.5,12.5,canonical,False
2025-10-25,20251025T000000,2529324,62df6da4-da62-4e2f-9607-97954f9fb9b1-0026982c,SITE PLAN - ROOF - NEW SITEWORK 11X17 - HOSPITAL REMOVED,FloorPlan,A008.2,True,1200,Architectural,New Construction,SITE PLAN - (N) HOSPITAL - LVL 1,False,vop_interwoven,c4bd07c2,cb9e512e,N,53.578,12.5,12.5,12.5,canonical,False
2025-10-25,20251025T000000,2537145,dced46d5-2709-4398-b31b-8a56debc5986-00260f2a,Shared Coordinates Section,Section,,False,120,Architectural,New Construction,,False,vop_interwoven,c4bd07c2,ceea5f7b,N,5.484,1.25,1.25,1.25,canonical,False
2025-10-25,20251025T000000,2673468,270d247d-398a-4c8d-8bd1-3baf297ef108-00289f37,SITE PLAN - LEVEL 1 - ENLARGED SERVICE YARD_V1,FloorPlan,,False,192,Architectural,New Construction,SITE PLAN - (N) HOSPITAL - LVL 1,False,vop_interwoven,c4bd07c2,abd648f2,N,14.281,2.0,2.0,2.0,canonical,False
2025-10-25,20251025T000000,3196531,fe3cbf9c-d85a-426a-8993-1a1a433a1805-0030c673,LEVEL 3,FloorPlan,,False,96,Coordination,Future,z_Floor Plan - Do Not Rename,False,vop_interwoven,c4bd07c2,1c1b4f43,N,29.109,13.650136,1.0,13.650136,adaptive,True
2025-10-25,20251025T000000,3196571,fe3cbf9c-d85a-426a-8993-1a1a433a1805-0030c69b,E-W HOSPITAL SECTION THROUGH BRIDGE  LOBBY,Section,A322,True,360,Architectural,New Construction,"Section - Site 1""=30'",False,vop_interwoven,c4bd07c2,896473ec,N,9.781,3.75,3.75,3.75,canonical,False
2025-10-25,20251025T000000,3199518,16016238-354e-45e2-b2ce-a79e962853b2-0030d21e,LEVEL 2,FloorPlan,,False,96,Coordination,New Construction,z_Floor Plan - Do Not Rename,False,vop_interwoven,c4bd07c2,1c1b4f43,N,10.984,13.650136,1.0,13.650136,adaptive,True
2025-10-25,20251025T000000,3199538,16016238-354e-45e2-b2ce-a79e962853b2-0030d232,LEVEL 1,FloorPlan,,False,96,Coordination,New Construction,z_Floor Plan - Do Not Rename,False,vop_interwoven,c4bd07c2,1c1b4f43,N,18.047,13.650136,1.0,13.650136,adaptive,True
2025-10-25,20251025T000000,3246468,41f8f5d4-6123-4e9f-b040-8c4fc81ed7ec-0030da22,N-S HOSPITAL SECTION,Section,A325,True,360,Architectural,New Construction,"Section - Site 1""=30'",False,vop_interwoven,c4bd07c2,7b3196ac,N,10.578,3.75,3.75,3.75,canonical,False
2025-10-25,20251025T000000,3481331,0af0ca6c-cd91-41c1-9d5b-3f0bd9297431-00351ef3,(N) LEVEL 1 - DEPARTMENT PLAN,FloorPlan,A001,True,384,Architectural,New Construction,(N) - HOSPITAL - DEPT COMPOSITE PLANS,False,vop_interwoven,c4bd07c2,200fc02c,N,0.562,4.0,4.0,4.0,canonical,False
2025-10-25,20251025T000000,3486832,49506165-42ec-4d70-8e65-a2522ef4b5bb-00353470,(N) LEVEL 2 - DEPARTMENT PLAN,FloorPlan,A001,True,384,Architectural,New Construction,(N) - HOSPITAL - DEPT COMPOSITE PLANS,False,vop_interwoven,c4bd07c2,200fc02c,N,0.656,4.0,4.0,4.0,canonical,False
2025-10-25,20251025T000000,3491499,21926fd3-ab0e-44e5-81b3-a6a15fe247b8-003546ab,(N) LEVEL 3 - DEPARTMENT PLAN,FloorPlan,A001,True,384,Architectural,New Construction,(N) - HOSPITAL - DEPT COMPOSITE PLANS,False,vop_interwoven,c4bd07c2,200fc02c,N,0.688,4.0,4.0,4.0,canonical,False
2025-10-25,20251025T000000,3497951,9bc1d9f1-3547-4f3c-ae8a-51ca009d4a2d-00355fdf,(N) LOWER LEVEL - DEPARTMENT PLAN,FloorPlan,A001,True,384,Architectural,New Construction,(N) - HOSPITAL - DEPT COMPOSITE PLANS,False,vop_interwoven,c4bd07c2,200fc02c,N,0.391,4.0,4.0,4.0,canonical,False
2025-10-25,20251025T000000,3501021,409b493e-443a-4743-8366-44b5ff5603c5-00356bdd,(N) LEVEL 4 - DEPARTMENT PLAN,FloorPlan,A001,True,384,Architectural,New Construction,(N) - HOSPITAL - DEPT COMPOSITE PLANS,False,vop_interwoven,c4bd07c2,200fc02c,N,0.375,4.0,4.0,4.0,canonical,False
2025-10-25,20251025T000000,3501044,409b493e-443a-4743-8366-44b5ff5603c5-00356bf4,(N) LEVEL 5 - DEPARTMENT PLAN,FloorPlan,A001,True,384,Architectural,New Construction,(N) - HOSPITAL - DEPT COMPOSITE PLANS,False,vop_interwoven,c4bd07c2,200fc02c,N,0.391,4.0,4.0,4.0,canonical,False
2025-10-25,20251025T000000,3639024,33a4642b-efc8-4eae-92b4-ea5ca4c6a562-003786f0,SITE SECTION - 22X34,Section,.A0091,True,360,Architectural,Future,,False,vop_interwoven,c4bd07c2,1694e474,N,17.328,3.75,3.75,3.75,canonical,False
2025-10-25,20251025T000000,3641827,33a4642b-efc8-4eae-92b4-ea5ca4c6a562-003791e3,CAMPUS SECTION - 22X34,Section,.A3211,True,192,Architectural,Future,Section - Site 1/1,False,vop_interwoven,c4bd07c2,d88902a3,N,9.312,2.0,2.0,2.0,canonical,False
2025-10-25,20251025T000000,3830046,958a4b85-6f50-42d8-acd8-1de7a8e9e4af-003a711e,SITE PLAN - LOWER LVL  - NEW SITEWORK 22X34 - REMOVED HOSPITAL,FloorPlan,.A001.21,True,720,Architectural,Future,SITE PLAN - (N) HOSPITAL -LOWER LVL1,False,vop_interwoven,c4bd07c2,dba47e04,N,5.438,7.5,7.5,7.5,canonical,False
2025-10-25,20251025T000000,3844352,5303e60f-6d58-4fcd-9829-da45c40fa53f-003aa900,SITE PLAN - LEVEL 1 - SITEWORK 11X17 - EXISTING CONDITIONS,FloorPlan,.AE002.1,True,1200,Architectural,Existing,,False,vop_interwoven,c4bd07c2,65302040,N,0.266,12.5,12.5,12.5,canonical,False
2025-10-25,20251025T000000,3854352,5303e60f-6d58-4fcd-9829-da45c40fa53f-003ad010,SITE PLAN - LEVEL 1 - SITEWORK 22X34 - EXISTING CONDITIONS,FloorPlan,,False,1200,Architectural,Existing,,False,vop_interwoven,c4bd07c2,c928c56d,N,0.297,12.5,12.5,12.5,canonical,False
2025-10-25,20251025T000000,3855017,5303e60f-6d58-4fcd-9829-da45c40fa53f-003ad2a9,SITE PLAN - ROOF - SITEWORK 22X34 - EXISTING CONDITIONS,FloorPlan,.AE002.01,True,600,Architectural,Existing,SITE PLAN - (N) HOSPITAL - LVL 1,False,vop_interwoven,c4bd07c2,d023f20f,N,0.547,6.25,6.25,6.25,canonical,False
2025-10-25,20251025T000000,3859943,5303e60f-6d58-4fcd-9829-da45c40fa53f-003ae5e7,SITE PLAN - LEVEL 3 - NEW SITEWORK 22X34 - REMOVED HOSPITAL_ROTUNDA,FloorPlan,.A004.21,True,600,Architectural,New Construction,SITE PLAN - (N) HOSPITAL - LVL 3,False,vop_interwoven,c4bd07c2,5d3f4d8d,N,15.484,6.25,6.25,6.25,canonical,False
2025-10-25,20251025T000000,3882991,064f9f48-2331-47a2-8e53-7f471b226cf2-003b1a81,SITE PLAN - LEVEL 1 - NEW SITEWORK 22X34 - REMOVED HOSPITAL_ROTUNDA,FloorPlan,.A002.21,True,600,Architectural,New Construction,SITE PLAN - (N) HOSPITAL - LVL 1,False,vop_interwoven,c4bd07c2,c457c735,N,22.391,6.25,6.25,6.25,canonical,False
2025-10-25,20251025T000000,3924601,27140e6b-c129-4ea3-9e43-d774a42665ce-003be241,SITE PLAN - ROOF - NEW SITEWORK 22X34 - REMOVED HOSPITAL_ROTUNDA,FloorPlan,.A008.21,True,600,Architectural,New Construction,SITE PLAN - (N) HOSPITAL - LVL 1,False,vop_interwoven,c4bd07c2,1fb3f2d5,N,56.922,6.25,6.25,6.25,canonical,False
2025-10-25,20251025T000000,3935202,0212f92c-0fdb-477c-b856-14d18494a47c-003bcc4b,E-W HOSPITAL SECTION THROUGH (E) HOSPITAL - DAY 2,Section,A323,True,360,Architectural,Future,"Section - Site 1""=30'",False,vop_interwoven,c4bd07c2,702a289e,N,7.500,3.75,3.75,3.75,canonical,False
2025-10-25,20251025T000000,3936500,9445a521-166e-4d24-9849-2e2e488336de-003c10f4,SITE PLAN - ROOF - NEW SITEWORK 22X34 - EXISTING HOSPITAL TO REMAIN,FloorPlan,.A008.11,True,600,Architectural,New Construction,SITE PLAN - (N) HOSPITAL - LVL 1,False,vop_interwoven,c4bd07c2,d65e5202,N,52.109,6.25,6.25,6.25,canonical,False
2025-10-25,20251025T000000,3939979,bec684e1-cb22-4dc8-bc18-93495d9a20c8-003c1e8b,SITE PLAN - LEVEL 1 - NEW SITEWORK 22X34 - EXISTING HOSPITAL TO REMAIN,FloorPlan,.A002.11,True,600,Architectural,New Construction,SITE PLAN - (N) HOSPITAL - LVL 1,False,vop_interwoven,c4bd07c2,c59d5bcb,N,14.297,6.25,6.25,6.25,canonical,False
2025-10-25,20251025T000000,3950635,d8671ab7-7fba-4fb2-bc70-145029995ee2-003c482b,SITE PLAN - LEVEL 1 - ENLARGED SERVICE YARD W/ ROTUNDA,FloorPlan,.A09,True,192,Architectural,New Construction,SITE PLAN - (N) HOSPITAL - LVL 1,False,vop_interwoven,c4bd07c2,fe063992,N,12.531,2.0,2.0,2.0,canonical,False
2025-10-25,20251025T000000,3969026,71a5e4a5-f32c-4024-81ca-ab123a93244a-003c6420,SITE PLAN - LEVEL 3 - NEW SITEWORK 22X34 - EXISTING HOSPITAL TO REMAIN,FloorPlan,.A004.11,True,600,Architectural,Future,SITE PLAN - (N) HOSPITAL - LVL 3,False,vop_interwoven,c4bd07c2,8c422cff,N,12.812,6.25,6.25,6.25,canonical,False
2025-10-25,20251025T000000,4026105,32eb64d4-2583-4ca9-98f4-5e2e53e0cdca-003d621b,LEVEL 4,FloorPlan,,False,96,Coordination,New Construction,,False,vop_interwoven,c4bd07c2,1c1b4f43,N,11.203,12.603271,1.0,12.603271,adaptive,True
2025-10-25,20251025T000000,4026365,6d23fdda-7dd5-43af-a6ac-b025be554c6e-003cd400,SITE PLAN - LEVEL 2  - NEW SITEWORK 22X34 - REMOVED HOSPITAL_ROTUNDA,FloorPlan,.A003.21,True,600,Architectural,New Construction,SITE PLAN - (N) HOSPITAL - LVL 2,False,vop_interwoven,c4bd07c2,c98bc5e8,N,14.109,6.25,6.25,6.25,canonical,False
2025-10-25,20251025T000000,4028934,6d23fdda-7dd5-43af-a6ac-b025be554c6e-003d02e6,SITE PLAN - LEVEL 4 - NEW SITEWORK 22X34 - REMOVED HOSPITAL_ROTUNDA,FloorPlan,.A005.21,True,600,Architectural,New Construction,SITE PLAN - (N) HOSPITAL - LVL 4,False,vop_interwoven,c4bd07c2,ee8ed756,N,45.469,6.25,6.25,6.25,canonical,False
2025-10-25,20251025T000000,4029799,6d23fdda-7dd5-43af-a6ac-b025be554c6e-003d076a,SITE PLAN - LEVEL 5 - NEW SITEWORK 22X34 - REMOVED HOSPITAL_ROTUNDA,FloorPlan,.A006.21,True,600,Architectural,New Construction,SITE PLAN - (N) HOSPITAL - LVL 5,False,vop_interwoven,c4bd07c2,67ab1c25,N,53.766,6.25,6.25,6.25,canonical,False
2025-10-25,20251025T000000,4030827,6d23fdda-7dd5-43af-a6ac-b025be554c6e-003d0c99,SITE PLAN - PENTHOUSE - NEW SITEWORK 22X34 - REMOVED HOSPITAL_ROTUNDA,FloorPlan,.A007.21,True,600,Architectural,New Construction,SITE PLAN - (N) HOSPITAL - PENTHOUSE,False,vop_interwoven,c4bd07c2,6d0a95c3,N,53.406,6.25,6.25,6.25,canonical,False
2025-10-25,20251025T000000,4081076,7e383428-dcee-43ab-b7fd-c358a910d510-003e45b4,4x8 Planning module,DraftingView,,False,600,Coordination,,,False,vop_interwoven,c4bd07c2,972d56b8,N,0.156,6.25,6.25,6.25,canonical,False
2025-10-25,20251025T000000,4109308,7c3392c9-f671-4b56-8c91-bfe8dad79b32-003eb3fc,KSRF - Shared Coordinates - Project North,FloorPlan,,False,192,Architectural,Future,,False,vop_interwoven,c4bd07c2,abd648f2,N,16.688,2.0,2.0,2.0,canonical,False
2025-10-25,20251025T000000,4145854,4981d321-77aa-4772-bd5f-d46302c7fca9-003f060a,EXISTING SITE PLAN - ENTITLEMENT,FloorPlan,2.0,True,600,Architectural,Existing,SITE PLAN - (N) HOSPITAL - ROOF - ENTITLEMENT,False,vop_interwoven,c4bd07c2,0319479d,N,0.969,6.25,6.25,6.25,canonical,False
2025-10-25,20251025T000000,4146881,4981d321-77aa-4772-bd5f-d46302c7fca9-003f13cb,PROPOSED SITE PLAN - ENTITLEMENT,FloorPlan,3.0,True,600,Architectural,New Construction,SITE PLAN - (N) HOSPITAL - ROOF - ENTITLEMENT,False,vop_interwoven,c4bd07c2,77e909da,N,52.297,6.25,6.25,6.25,canonical,False
2025-10-25,20251025T000000,4148625,4981d321-77aa-4772-bd5f-d46302c7fca9-003f25bb,(N) LOWER LEVEL - Wall Types BP,FloorPlan,,False,48,Architectural,New Construction,Wall Study,False,vop_interwoven,c4bd07c2,a6bae375,N,8.391,0.5,0.5,0.5,canonical,False
2025-10-25,20251025T000000,4150695,c27b7d96-741e-4bf2-a883-253d5f160e49-003f55a7,FLOOR PLAN - PENTHOUSE,FloorPlan,,False,192,Architectural,New Construction,(N) HOSPITAL - PH,False,vop_interwoven,c4bd07c2,abd648f2,N,0.234,2.0,2.0,2.0,canonical,False
2025-10-25,20251025T000000,4150746,c27b7d96-741e-4bf2-a883-253d5f160e49-003f55da,ROOF - ENTITLEMENT,FloorPlan,,False,192,Architectural,Future,(N) HOSPITAL - PH,False,vop_interwoven,c4bd07c2,abd648f2,N,0.156,2.0,2.0,2.0,canonical,False
2025-10-25,20251025T000000,4153587,195e89fe-2584-4f4e-9779-ddf4cc7fce99-003f60df,EXTERIOR ELEVATION - WEST,Elevation,4.1,True,192,Architectural,New Construction,"Elevation - Exterior - 1/16""",False,vop_interwoven,c4bd07c2,4391b1d4,N,0.172,2.0,2.0,2.0,canonical,False
2025-10-25,20251025T000000,4291782,ceb38655-e436-427a-94a2-74d0de01d164-00417cc6,ENTITLEMENTS - E-W HOSPITAL SECTION THROUGH (E) HOSPITAL,Section,,False,192,Architectural,New Construction,"Section - Site 1/16""",False,vop_interwoven,c4bd07c2,0e58c744,N,9.938,2.0,2.0,2.0,canonical,False
2025-10-25,20251025T000000,4292020,ceb38655-e436-427a-94a2-74d0de01d164-00417db4,ENTITLEMENTS - SITE SECTION,Section,9.0,True,360,Architectural,New Construction,,False,vop_interwoven,c4bd07c2,a82dcb07,N,21.938,3.75,3.75,3.75,canonical,False
2025-10-25,20251025T000000,4292477,ceb38655-e436-427a-94a2-74d0de01d164-00417f7d,ENTITLEMENTS - E-W HOSPITAL SECTION THROUGH DAY 1 RAMP,Section,9.1,True,192,Architectural,New Construction,"Section - Site 1/16""",False,vop_interwoven,c4bd07c2,e9562f79,N,12.109,2.0,2.0,2.0,canonical,False
2025-10-25,20251025T000000,4313642,94d69dcc-422c-4915-878e-eeda8950a6ef-0041ce32,PROPOSED FUTURE PROGRAM - ENTITLEMENT,FloorPlan,3.2,True,600,Architectural,New Construction,SITE PLAN - (N) HOSPITAL - LVL 1,False,vop_interwoven,c4bd07c2,cf41b2ce,N,55.500,6.25,6.25,6.25,canonical,False
2025-10-25,20251025T000000,4314545,81868e83-5653-479c-a0a9-106a0eb599c6-0041d5b1,(N) LOWER LEVEL - Dependent 1,FloorPlan,,False,128,Architectural,New Construction,(N) - HOSPITAL - BASEMENT,False,vop_interwoven,c4bd07c2,fb0426f7,N,9.078,1.333333,1.333333,1.333333,canonical,False
2025-10-25,20251025T000000,4314570,81868e83-5653-479c-a0a9-106a0eb599c6-0041d5ca,(N) LOWER LEVEL COMPOSITE PLAN,FloorPlan,A002,True,384,Architectural,New Construction,(N) - HOSPITAL - COMPOSITE PLANS,False,vop_interwoven,c4bd07c2,924a2297,N,6.406,4.0,4.0,4.0,canonical,False
2025-10-25,20251025T000000,4314631,81868e83-5653-479c-a0a9-106a0eb599c6-0041d607,(N) LEVEL 1 COMPOSITE PLAN,FloorPlan,A002,True,384,Architectural,New Construction,(N) - HOSPITAL - COMPOSITE PLANS,False,vop_interwoven,c4bd07c2,924a2297,N,14.141,4.0,4.0,4.0,canonical,False
2025-10-25,20251025T000000,4314661,81868e83-5653-479c-a0a9-106a0eb599c6-0041d625,(N) LEVEL 2 COMPOSITE PLAN,FloorPlan,A002,True,384,Architectural,New Construction,(N) - HOSPITAL - COMPOSITE PLANS,False,vop_interwoven,c4bd07c2,924a2297,N,10.891,4.0,4.0,4.0,canonical,False
2025-10-25,20251025T000000,4314672,81868e83-5653-479c-a0a9-106a0eb599c6-0041d630,(N) LEVEL 3 COMPOSITE PLAN,FloorPlan,A002,True,384,Architectural,New Construction,(N) - HOSPITAL - COMPOSITE PLANS,False,vop_interwoven,c4bd07c2,924a2297,N,12.656,4.0,4.0,4.0,canonical,False
2025-10-25,20251025T000000,4314683,1d49a052-cd1f-4b60-a23d-29c1a537cbd6-0041d63b,(N) LEVEL 4 COMPOSITE PLAN,FloorPlan,A002,True,384,Architectural,New Construction,(N) - HOSPITAL - COMPOSITE PLANS,False,vop_interwoven,c4bd07c2,924a2297,N,8.047,4.0,4.0,4.0,canonical,False
2025-10-25,20251025T000000,4314707,1d49a052-cd1f-4b60-a23d-29c1a537cbd6-0041d653,(N) LEVEL 5 COMPOSITE PLAN,FloorPlan,A002,True,384,Architectural,New Construction,(N) - HOSPITAL - COMPOSITE PLANS,False,vop_interwoven,c4bd07c2,924a2297,N,7.875,4.0,4.0,4.0,canonical,False
2025-10-25,20251025T000000,4314718,1d49a052-cd1f-4b60-a23d-29c1a537cbd6-0041d65e,(N) PENTHOUSE COMPOSITE PLAN,FloorPlan,A002,True,384,Architectural,New Construction,(N) - HOSPITAL - COMPOSITE PLANS - PH,False,vop_interwoven,c4bd07c2,924a2297,N,0.344,4.0,4.0,4.0,canonical,False
2025-10-25,20251025T000000,4336989,469e20c3-8426-486d-a025-a1f7c9b0ca6a-0041de71,SK_(N) LEVEL 1,FloorPlan,,False,128,Architectural,New Construction,,False,vop_interwoven,c4bd07c2,fb0426f7,N,18.453,1.333333,1.333333,1.333333,canonical,False
2025-10-25,20251025T000000,4337430,469e20c3-8426-486d-a025-a1f7c9b0ca6a-0041e02a,SK_(N) LOWER LEVEL,FloorPlan,,False,128,Architectural,New Construction,,False,vop_interwoven,c4bd07c2,fb0426f7,N,6.562,1.333333,1.333333,1.333333,canonical,False
2025-10-25,20251025T000000,4337599,469e20c3-8426-486d-a025-a1f7c9b0ca6a-0041e0d3,SK_(N) LEVEL 2,FloorPlan,,False,128,Architectural,New Construction,,False,vop_interwoven,c4bd07c2,fb0426f7,N,9.656,1.333333,1.333333,1.333333,canonical,False
2025-10-25,20251025T000000,4337974,469e20c3-8426-486d-a025-a1f7c9b0ca6a-0041e24a,SK_(N) LEVEL 3,FloorPlan,,False,128,Architectural,New Construction,,False,vop_interwoven,c4bd07c2,fb0426f7,N,24.750,13.099007,1.333333,13.099007,adaptive,True
2025-10-25,20251025T000000,4338678,469e20c3-8426-486d-a025-a1f7c9b0ca6a-0041e50a,SK_(N) LEVEL 4,FloorPlan,,False,128,Architectural,New Construction,,False,vop_interwoven,c4bd07c2,fb0426f7,N,12.438,1.333333,1.333333,1.333333,canonical,False
2025-10-25,20251025T000000,4338930,469e20c3-8426-486d-a025-a1f7c9b0ca6a-0041e606,SK_(N) LEVEL 5,FloorPlan,,False,128,Architectural,New Construction,,False,vop_interwoven,c4bd07c2,fb0426f7,N,12.781,1.333333,1.333333,1.333333,canonical,False
2025-10-25,20251025T000000,4371393,7af8303b-9072-4f41-a3c9-7fd579d85b29-0042af0c,(N) PENTHOUSE - DEPARTMENT PLAN,FloorPlan,A001,True,384,Architectural,New Construction,(N) - HOSPITAL - DEPT COMPOSITE PLANS - PH,False,vop_interwoven,c4bd07c2,200fc02c,N,0.344,4.0,4.0,4.0,canonical,False
2025-10-25,20251025T000000,4489481,9918d80c-a6fd-4f1d-abd5-f5b8216fd9f0-00448109,"SITE PLAN - ROOF - SITEWORK 22X34 - EXISTING CONDITIONS_1""-20' scale",FloorPlan,,False,240,Architectural,New Construction,SITE PLAN - (N) HOSPITAL - LVL 1,False,vop_interwoven,c4bd07c2,460df712,N,52.953,2.5,2.5,2.5,canonical,False
2025-10-25,20251025T000000,4610688,00316d46-0da5-4612-8ee6-c51155aab31c-00462670,(N) LEVEL 2 Copy 1 - BB Test,FloorPlan,,False,128,Architectural,New Construction,,False,vop_interwoven,c4bd07c2,fb0426f7,N,11.953,1.333333,1.333333,1.333333,canonical,False
2025-10-25,20251025T000000,4674478,41bb93ff-3866-4602-a33a-a86f1ebf9035-00474b83,(N) LOWER LEVEL - JGL Working,FloorPlan,,False,128,Architectural,New Construction,,False,vop_interwoven,c4bd07c2,fb0426f7,N,7.891,1.333333,1.333333,1.333333,canonical,False
2025-10-25,20251025T000000,4704707,afe089b7-d463-4825-9c76-37f3d5203e6c-0047c9c3,SK_(N) PENTHOUSE,FloorPlan,,False,128,Architectural,New Construction,(N) HOSPITAL - PH,False,vop_interwoven,c4bd07c2,fb0426f7,N,0.281,1.333333,1.333333,1.333333,canonical,False
2025-10-25,20251025T000000,5066284,a69c4968-afb4-4b92-8cdd-480f05ab3b9e-004d386e,SITE PLAN - LEVEL 3 - NEW SITEWORK 22X34 - REMOVED HOSPITAL_ROTUNDA-ELEV study_er,FloorPlan,,False,240,Architectural,New Construction,SITE PLAN - (N) HOSPITAL - LVL 3,False,vop_interwoven,c4bd07c2,460df712,N,15.469,2.5,2.5,2.5,canonical,False
2025-10-25,20251025T000000,5067422,a69c4968-afb4-4b92-8cdd-480f05ab3b9e-004d3dba,SITE PLAN - LEVEL 3 - NEW SITEWORK 22X34 - EXISTING HOSPITAL TO REMAIN-ELEV study_er,FloorPlan,,False,240,Architectural,New Construction,SITE PLAN - (N) HOSPITAL - LVL 3,False,vop_interwoven,c4bd07c2,460df712,N,14.750,2.5,2.5,2.5,canonical,False
2025-10-25,20251025T000000,5400075,719bea2c-bf4c-4667-936f-8d9d60c003c1-0051eb43,(N) LEVEL 1 - DEPARTMENT PLAN Copy 1,FloorPlan,A003,True,384,Architectural,New Construction,,False,vop_interwoven,c4bd07c2,31fee9af,N,2.125,4.0,4.0,4.0,canonical,False
2025-10-25,20251025T000000,5400334,719bea2c-bf4c-4667-936f-8d9d60c003c1-0051ec46,(N) LEVEL 2 - DEPARTMENT PLAN Copy 1,FloorPlan,A003,True,384,Architectural,New Construction,,False,vop_interwoven,c4bd07c2,31fee9af,N,1.609,4.0,4.0,4.0,canonical,False
2025-10-25,20251025T000000,5400744,719bea2c-bf4c-4667-936f-8d9d60c003c1-0051ede0,(N) LEVEL 3 - DEPARTMENT PLAN Copy 1,FloorPlan,A003,True,384,Architectural,New Construction,,False,vop_interwoven,c4bd07c2,31fee9af,N,1.781,4.0,4.0,4.0,canonical,False
2025-10-25,20251025T000000,5401342,719bea2c-bf4c-4667-936f-8d9d60c003c1-0051f036,(N) LOWER LEVEL - DEPARTMENT PLAN Copy 1,FloorPlan,A003,True,384,Architectural,New Construction,,False,vop_interwoven,c4bd07c2,31fee9af,N,1.188,4.0,4.0,4.0,canonical,False
2025-10-25,20251025T000000,5401456,719bea2c-bf4c-4667-936f-8d9d60c003c1-0051f0a8,(N) LEVEL 4 - DEPARTMENT PLAN Copy 1,FloorPlan,A003,True,384,Architectural,New Construction,,False,vop_interwoven,c4bd07c2,31fee9af,N,0.875,4.0,4.0,4.0,canonical,False
2025-10-25,20251025T000000,5401607,719bea2c-bf4c-4667-936f-8d9d60c003c1-0051f13f,(N) LEVEL 5 - DEPARTMENT PLAN Copy 1,FloorPlan,A003,True,384,Architectural,New Construction,,False,vop_interwoven,c4bd07c2,31fee9af,N,1.047,4.0,4.0,4.0,canonical,False
2025-10-25,20251025T000000,5401743,719bea2c-bf4c-4667-936f-8d9d60c003c1-0051f1c7,(N) PENTHOUSE - DEPARTMENT PLAN Copy 1,FloorPlan,A003,True,384,Architectural,New Construction,,False,vop_interwoven,c4bd07c2,31fee9af,N,0.344,4.0,4.0,4.0,canonical,False
2025-10-25,20251025T000000,5576090,42c95c6a-f137-4534-8a78-0101f2634267-00527c34,SITE PLAN - LEVEL 1 - TOPO_EXPORT,FloorPlan,,False,600,Architectural,New Construction,SITE PLAN - (N) HOSPITAL - LVL 1,False,vop_interwoven,c4bd07c2,11918d25,N,13.547,6.25,6.25,6.25,canonical,False
2025-10-25,20251025T000000,6173338,bf9bdb84-8bad-49be-a782-4f6d1e6c91c1-005e0276,LEVEL 1 - DGSF,AreaPlan,6.3,True,192,Coordination,New Construction,DGSF Area Plan,False,vop_interwoven,c4bd07c2,feb1301b,N,0.578,2.0,2.0,2.0,canonical,False
2025-10-25,20251025T000000,6173348,bf9bdb84-8bad-49be-a782-4f6d1e6c91c1-005e0281,LEVEL 2 - DGSF,AreaPlan,6.4,True,192,Coordination,New Construction,DGSF Area Plan,False,vop_interwoven,c4bd07c2,4c5c00da,N,0.656,2.0,2.0,2.0,canonical,False
2025-10-25,20251025T000000,6173518,bf9bdb84-8bad-49be-a782-4f6d1e6c91c1-005e032d,LEVEL 3 - DGSF,AreaPlan,6.5,True,192,Coordination,New Construction,DGSF Area Plan,False,vop_interwoven,c4bd07c2,ec46fe04,N,0.703,2.0,2.0,2.0,canonical,False
2025-10-25,20251025T000000,6173856,bf9bdb84-8bad-49be-a782-4f6d1e6c91c1-005e0484,LOWER LEVEL - DGSF,AreaPlan,6.2,True,192,Coordination,New Construction,DGSF Area Plan,False,vop_interwoven,c4bd07c2,88d80063,N,0.391,2.0,2.0,2.0,canonical,False
2025-10-25,20251025T000000,6382563,990842fb-775b-44a5-b13c-38d6e26e17e2-006142c4,(N) LEVEL 1 COMPOSITE PLAN - BB,FloorPlan,,False,384,Architectural,New Construction,,False,vop_interwoven,c4bd07c2,b63bfdbf,N,4.109,4.0,4.0,4.0,canonical,False
2025-10-25,20251025T000000,7014469,15ba7753-ea94-4d78-81bb-455877f3e32d-006abf4f,LEVEL 6,FloorPlan,A116,True,128,Architectural,New Construction,(N) HOSPITAL - LVL 6,False,vop_interwoven,c4bd07c2,1c6b1be1,N,0.688,1.333333,1.333333,1.333333,canonical,False
2025-10-25,20251025T000000,7034390,68208b20-9127-432d-b2e6-d0130a0924f2-006b51ce,(N) LEVEL 6 Copy 1,FloorPlan,A001,True,384,Architectural,New Construction,(N) - HOSPITAL - DEPT COMPOSITE PLANS,False,vop_interwoven,c4bd07c2,200fc02c,N,0.391,4.0,4.0,4.0,canonical,False
2025-10-25,20251025T000000,7035379,68208b20-9127-432d-b2e6-d0130a0924f2-006b59f3,(N) LEVEL 6 COMPOSITE PLAN,FloorPlan,A002,True,384,Architectural,New Construction,(N) - HOSPITAL - COMPOSITE PLANS,False,vop_interwoven,c4bd07c2,924a2297,N,1.344,4.0,4.0,4.0,canonical,False
2025-10-25,20251025T000000,7127544,cd490faf-fcd5-43c7-9e59-58b901778824-006cb6e8,LEVEL 2 - JGL working,FloorPlan,,False,96,Architectural,New Construction,,False,vop_interwoven,c4bd07c2,90246845,N,13.453,1.0,1.0,1.0,canonical,False
2025-10-25,20251025T000000,7277626,0adc002a-9b0a-48d8-8295-c504441eec7e-006ef7f5,(N) LEVEL 3_FUTURE,FloorPlan,A113.1,True,128,Architectural,Future,(N) HOSPITAL - LVL 3 TEMPLATES,False,vop_interwoven,c4bd07c2,a2df9548,N,31.219,1.333333,1.333333,1.333333,canonical,False
2025-10-25,20251025T000000,7424270,6da71995-69a1-4b18-aa2b-7f4ac35ed8ff-0071490e,SITE PLAN - ENLARGED FLOOR PLAN - GENERATORS,FloorPlan,,False,192,Architectural,New Construction,SITE PLAN - (N) HOSPITAL - LVL 1,False,vop_interwoven,c4bd07c2,abd648f2,N,3.078,2.0,2.0,2.0,canonical,False
2025-10-25,20251025T000000,7425549,4cb45bfd-603b-47ec-b6d4-53504be95817-00710fe9,EXTERIOR ELEVATION - EAST raster,Elevation,,False,192,Architectural,New Construction,,False,vop_interwoven,c4bd07c2,429eb146,N,0.250,2.0,2.0,2.0,canonical,False
2025-10-25,20251025T000000,7425563,4cb45bfd-603b-47ec-b6d4-53504be95817-007110cd,EXTERIOR ELEVATION - WEST raster,Elevation,,False,192,Architectural,New Construction,,False,vop_interwoven,c4bd07c2,429eb146,N,0.234,2.0,2.0,2.0,canonical,False
2025-10-25,20251025T000000,7425575,e24f7d7e-71e9-4b92-b1e3-0a88ee722e09-00711105,EXTERIOR ELEVATION - NORTH raster,Elevation,,False,192,Architectural,New Construction,,False,vop_interwoven,c4bd07c2,429eb146,N,0.250,2.0,2.0,2.0,canonical,False
2025-10-25,20251025T000000,7425589,e24f7d7e-71e9-4b92-b1e3-0a88ee722e09-00711159,EXTERIOR ELEVATION -SOUTH raster,Elevation,,False,192,Architectural,New Construction,,False,vop_interwoven,c4bd07c2,429eb146,N,0.234,2.0,2.0,2.0,canonical,False
2025-10-25,20251025T000000,7442606,0aa015b3-4528-473f-ad5e-dd4cb063b22a-00718f19,SITE PLAN - ROOF - NEW SITEWORK 22X34 - EXISTING HOSPITAL TO REMAIN_rotated,FloorPlan,,False,600,Architectural,New Construction,SITE PLAN - (N) HOSPITAL - LVL 1,False,vop_interwoven,c4bd07c2,11918d25,N,59.281,6.25,6.25,6.25,canonical,False
2025-10-25,20251025T000000,7497501,1cf67ef3-e820-467b-97de-89be8d586a65-00725e2a,ENTITLEMENTS - N-S HOSPITAL SECTION,Section,9.2,True,192,Architectural,New Construction,"Section - Site 1/16""",False,vop_interwoven,c4bd07c2,011d950c,N,13.453,2.0,2.0,2.0,canonical,False
2025-10-25,20251025T000000,7512555,1b39e40d-834d-401a-b4b0-d1de513091d1-0072a1eb,ENTITLEMENTS - SITE SECTION PH 2,Section,9.3,True,192,Architectural,Future,"Section - Site 1/16""",False,vop_interwoven,c4bd07c2,983232c9,N,17.281,2.0,2.0,2.0,canonical,False
2025-10-25,20251025T000000,7537231,ecdd07f1-c791-4e15-9222-b84b12a74c3b-0073024f,KSRF - Shared Coordinates - True North,FloorPlan,,False,192,Architectural,Future,,False,vop_interwoven,c4bd07c2,abd648f2,N,12.578,2.367488,2.0,2.367488,adaptive,True
2025-10-25,20251025T000000,7635959,8f58a553-4b31-4a70-be02-5dd048129aae-007478ca,LEVEL 6 - DGSF,AreaPlan,6.8,True,192,Coordination,Future,DGSF Area Plan,False,vop_interwoven,c4bd07c2,255ca137,N,0.266,2.0,2.0,2.0,canonical,False
2025-10-25,20251025T000000,7640660,f9af07fb-ff20-48e8-a219-0f81473fa633-00748be4,LEVEL 5 - DGSF,AreaPlan,6.7,True,192,Coordination,New Construction,DGSF Area Plan,False,vop_interwoven,c4bd07c2,3b2c5646,N,0.422,2.0,2.0,2.0,canonical,False
2025-10-25,20251025T000000,7640670,f9af07fb-ff20-48e8-a219-0f81473fa633-00748bee,LEVEL 4 - DGSF,AreaPlan,6.6,True,192,Coordination,New Construction,DGSF Area Plan,False,vop_interwoven,c4bd07c2,7caf4111,N,0.406,2.0,2.0,2.0,canonical,False
2025-10-25,20251025T000000,7920766,f47259d5-fd9e-45c9-a417-d2abec6e5e23-0078d2ad,LEVEL 3  FUTURE - DGSF,AreaPlan,6.10,True,192,Coordination,Future,DGSF Area Plan - Future,False,vop_interwoven,c4bd07c2,2577c506,N,0.500,2.0,2.0,2.0,canonical,False
2025-10-25,20251025T000000,7940265,d58439f5-1410-49fb-8d60-5943866eed8d-007927fc,PENTHOUSE - DGSF,AreaPlan,6.9,True,192,Coordination,Future,DGSF AREA PLAN - ROOF,False,vop_interwoven,c4bd07c2,16f7e3d4,N,0.219,2.0,2.0,2.0,canonical,False
2025-10-25,20251025T000000,7954563,0199e2f8-6cb5-4563-8674-ee30d49d141c-00796083,ROOF,AreaPlan,7.0,True,192,Coordination,New Construction,DGSF AREA PLAN - ALL ROOFS,False,vop_interwoven,c4bd07c2,9ef3387a,N,0.422,2.0,2.0,2.0,canonical,False
2025-10-25,20251025T000000,7956099,dd0024d4-6deb-4e45-aefd-4b9573cc835f-007964a1,ROOF PLAN - PHASE 3,AreaPlan,7.1,True,192,Coordination,Future,DGSF AREA PLAN - ALL ROOFS,False,vop_interwoven,c4bd07c2,bf591a31,N,0.531,2.0,2.0,2.0,canonical,False
2025-10-25,20251025T000000,8008168,299ce04b-b2d0-4320-b599-1724f5cf0ecc-007a31e8,Glazing Study - LL East,Elevation,,False,96,Architectural,New Construction,Study - Glazing,False,vop_interwoven,c4bd07c2,54f7e146,N,0.828,1.0,1.0,1.0,canonical,False
2025-10-25,20251025T000000,8008223,299ce04b-b2d0-4320-b599-1724f5cf0ecc-007a321f,Glazing Study - LL North,Elevation,,False,96,Architectural,New Construction,Study - Glazing,False,vop_interwoven,c4bd07c2,54f7e146,N,0.453,1.0,1.0,1.0,canonical,False
2025-10-25,20251025T000000,8008273,299ce04b-b2d0-4320-b599-1724f5cf0ecc-007a3251,Glazing Study - L1 East,Elevation,,False,96,Architectural,New Construction,Study - Glazing,False,vop_interwoven,c4bd07c2,54f7e146,N,1.406,1.0,1.0,1.0,canonical,False
2025-10-25,20251025T000000,8008301,299ce04b-b2d0-4320-b599-1724f5cf0ecc-007a326d,Glazing Study - L1 North,Elevation,,False,96,Architectural,New Construction,Study - Glazing,False,vop_interwoven,c4bd07c2,54f7e146,N,0.406,1.0,1.0,1.0,canonical,False
2025-10-25,20251025T000000,8008319,299ce04b-b2d0-4320-b599-1724f5cf0ecc-007a327f,Glazing Study - L1 East 1,Elevation,,False,96,Architectural,New Construction,Study - Glazing,False,vop_interwoven,c4bd07c2,54f7e146,N,2.938,1.0,1.0,1.0,canonical,False
2025-10-25,20251025T000000,8008358,299ce04b-b2d0-4320-b599-1724f5cf0ecc-007a32a6,Glazing Study - L1 South,Elevation,,False,96,Architectural,New Construction,Study - Glazing,False,vop_interwoven,c4bd07c2,54f7e146,N,0.703,1.0,1.0,1.0,canonical,False
2025-10-25,20251025T000000,8008416,299ce04b-b2d0-4320-b599-1724f5cf0ecc-007a32e0,Glazing Study - L1 East 2,Elevation,,False,96,Architectural,New Construction,Study - Glazing,False,vop_interwoven,c4bd07c2,54f7e146,N,0.188,1.0,1.0,1.0,canonical,False
2025-10-25,20251025T000000,8008480,299ce04b-b2d0-4320-b599-1724f5cf0ecc-007a3320,Glazing Study - L1 West,Elevation,,False,96,Architectural,New Construction,Study - Glazing,False,vop_interwoven,c4bd07c2,54f7e146,N,0.969,1.0,1.0,1.0,canonical,False
2025-10-25,20251025T000000,8008525,299ce04b-b2d0-4320-b599-1724f5cf0ecc-007a334d,Glazing Study - L1 South 1,Elevation,,False,96,Architectural,New Construction,Study - Glazing,False,vop_interwoven,c4bd07c2,54f7e146,N,0.312,1.0,1.0,1.0,canonical,False
2025-10-25,20251025T000000,8008600,299ce04b-b2d0-4320-b599-1724f5cf0ecc-007a3398,Glazing Study - L1 West 1,Elevation,,False,96,Architectural,New Construction,Study - Glazing,False,vop_interwoven,c4bd07c2,54f7e146,N,0.188,1.0,1.0,1.0,canonical,False
2025-10-25,20251025T000000,8008729,299ce04b-b2d0-4320-b599-1724f5cf0ecc-007a3419,Glazing Study - L1 North 1,Elevation,,False,96,Architectural,New Construction,Study - Glazing,False,vop_interwoven,c4bd07c2,54f7e146,N,0.172,1.0,1.0,1.0,canonical,False
2025-10-25,20251025T000000,8008769,299ce04b-b2d0-4320-b599-1724f5cf0ecc-007a3441,Glazing Study - L2 East,Elevation,,False,96,Architectural,New Construction,Study - Glazing,False,vop_interwoven,c4bd07c2,54f7e146,N,0.516,1.0,1.0,1.0,canonical,False
2025-10-25,20251025T000000,8008833,299ce04b-b2d0-4320-b599-1724f5cf0ecc-007a3481,Glazing Study - L2 North,Elevation,,False,96,Architectural,New Construction,Study - Glazing,False,vop_interwoven,c4bd07c2,54f7e146,N,0.359,1.0,1.0,1.0,canonical,False
2025-10-25,20251025T000000,8008873,299ce04b-b2d0-4320-b599-1724f5cf0ecc-007a34a9,Glazing Study - L2 East 2,Elevation,,False,96,Architectural,New Construction,Study - Glazing,False,vop_interwoven,c4bd07c2,54f7e146,N,1.297,1.0,1.0,1.0,canonical,False
2025-10-25,20251025T000000,8008913,299ce04b-b2d0-4320-b599-1724f5cf0ecc-007a34d1,Glazing Study - L2 South,Elevation,,False,96,Architectural,New Construction,Study - Glazing,False,vop_interwoven,c4bd07c2,54f7e146,N,0.406,1.0,1.0,1.0,canonical,False
2025-10-25,20251025T000000,8009009,299ce04b-b2d0-4320-b599-1724f5cf0ecc-007a3531,Glazing Study - L2 West,Elevation,,False,96,Architectural,New Construction,Study - Glazing,False,vop_interwoven,c4bd07c2,54f7e146,N,0.312,1.0,1.0,1.0,canonical,False
2025-10-25,20251025T000000,8075111,49e14366-eb78-403d-bd83-00b218261de8-007b3575,(N) LEVEL 3 FC,FloorPlan,,False,128,Architectural,New Construction,,False,vop_interwoven,c4bd07c2,fb0426f7,N,22.578,1.333333,1.333333,1.333333,canonical,False
2025-10-25,20251025T000000,8168998,8434a2d3-9379-4f2f-b29b-eb7cd993bced-007c8943,Glazing Study - L3 East,Elevation,,False,96,Architectural,New Construction,Study - Glazing,False,vop_interwoven,c4bd07c2,54f7e146,N,1.000,1.0,1.0,1.0,canonical,False
2025-10-25,20251025T000000,8169008,8434a2d3-9379-4f2f-b29b-eb7cd993bced-007c8975,Glazing Study - L3 East1,Elevation,,False,96,Architectural,New Construction,Study - Glazing,False,vop_interwoven,c4bd07c2,54f7e146,N,1.219,1.0,1.0,1.0,canonical,False
2025-10-25,20251025T000000,8169018,8434a2d3-9379-4f2f-b29b-eb7cd993bced-007c89cd,Glazing Study - L3 West,Elevation,,False,96,Architectural,New Construction,Study - Glazing,False,vop_interwoven,c4bd07c2,54f7e146,N,4.516,1.0,1.0,1.0,canonical,False
2025-10-25,20251025T000000,8169028,8434a2d3-9379-4f2f-b29b-eb7cd993bced-007c8a31,Glazing Study - L4 East,Elevation,,False,96,Architectural,New Construction,Study - Glazing,False,vop_interwoven,c4bd07c2,54f7e146,N,3.531,1.0,1.0,1.0,canonical,False
2025-10-25,20251025T000000,8169038,8434a2d3-9379-4f2f-b29b-eb7cd993bced-007c8a66,Glazing Study - L4 South,Elevation,,False,96,Architectural,New Construction,Study - Glazing,False,vop_interwoven,c4bd07c2,54f7e146,N,0.953,1.0,1.0,1.0,canonical,False
2025-10-25,20251025T000000,8169048,8434a2d3-9379-4f2f-b29b-eb7cd993bced-007c8a8a,Glazing Study - L4 West,Elevation,,False,96,Architectural,New Construction,Study - Glazing,False,vop_interwoven,c4bd07c2,54f7e146,N,0.250,1.0,1.0,1.0,canonical,False
2025-10-25,20251025T000000,8169058,8434a2d3-9379-4f2f-b29b-eb7cd993bced-007c8abc,Glazing Study - L4 North,Elevation,,False,96,Architectural,New Construction,Study - Glazing,False,vop_interwoven,c4bd07c2,54f7e146,N,1.234,1.0,1.0,1.0,canonical,False
2025-10-25,20251025T000000,8475468,86a9536c-88bb-421e-bfc2-4f6fffd05129-0081161b,ILLUSTRATIVE VIEW - Level 1 - AB - DND,FloorPlan,,False,128,Architectural,New Construction,Interior Presentation,False,vop_interwoven,c4bd07c2,fb0426f7,N,23.062,1.333333,1.333333,1.333333,canonical,False
2025-10-25,20251025T000000,8476699,2424eaa5-2247-42ae-9835-63b19ea14057-00811ea4,ILLUSTRATIVE VIEW - Level 2 - AB - DND,FloorPlan,,False,128,Architectural,New Construction,Interior Presentation,False,vop_interwoven,c4bd07c2,fb0426f7,N,11.875,1.333333,1.333333,1.333333,canonical,False
2025-10-25,20251025T000000,8477879,2424eaa5-2247-42ae-9835-63b19ea14057-00812340,ILLUSTRATIVE VIEW - Level 3 - AB - DND,FloorPlan,,False,128,Architectural,New Construction,Interior Presentation,False,vop_interwoven,c4bd07c2,fb0426f7,N,23.266,1.333333,1.333333,1.333333,canonical,False
2025-10-25,20251025T000000,8479266,2424eaa5-2247-42ae-9835-63b19ea14057-008128ab,ILLUSTRATIVE VIEW - Level 4 - AB - DND,FloorPlan,,False,128,Architectural,New Construction,Interior Presentation,False,vop_interwoven,c4bd07c2,fb0426f7,N,12.953,1.333333,1.333333,1.333333,canonical,False
2025-10-25,20251025T000000,8479708,2424eaa5-2247-42ae-9835-63b19ea14057-00812a65,ILLUSTRATIVE VIEW - Level 5 - AB - DND,FloorPlan,,False,128,Architectural,New Construction,Interior Presentation,False,vop_interwoven,c4bd07c2,fb0426f7,N,12.312,12.397721,1.333333,12.397721,adaptive,True
2025-10-25,20251025T000000,8511786,d1780e7b-6ce6-4243-9937-a605d13fb2a7-0081e12a,ILLUSTRATIVE VIEW -  LOWER LEVEL - AB - DND,FloorPlan,,False,128,Architectural,New Construction,Interior Presentation,False,vop_interwoven,c4bd07c2,fb0426f7,N,7.094,1.333333,1.333333,1.333333,canonical,False
2025-10-25,20251025T000000,8526743,e103e31b-412d-40c6-8644-a08c6c3062ed-0081f3b4,LEVEL 1 - PARTIAL PLAN STUDY,FloorPlan,,False,48,Architectural,Future,Partial Plan Study,False,vop_interwoven,c4bd07c2,a6bae375,N,23.594,1.310022,0.5,1.310022,adaptive,True
2025-10-25,20251025T000000,8899621,65a18505-c0db-4480-81d2-83ce142b70cc-00878e70,ILLUSTRATIVE VIEW - Level 5 - Med-Surg patroom - AB,FloorPlan,,False,128,Architectural,New Construction,Interior Presentation,False,vop_interwoven,c4bd07c2,fb0426f7,N,0.438,1.333333,1.333333,1.333333,canonical,False
2025-10-25,20251025T000000,8899632,65a18505-c0db-4480-81d2-83ce142b70cc-00878e85,ILLUSTRATIVE VIEW - Level 5 - Nurse station - AB,FloorPlan,,False,128,Architectural,New Construction,Interior Presentation,False,vop_interwoven,c4bd07c2,fb0426f7,N,3.328,1.333333,1.333333,1.333333,canonical,False
2025-10-25,20251025T000000,8900022,65a18505-c0db-4480-81d2-83ce142b70cc-00879016,ILLUSTRATIVE VIEW - Level 4 - Staff Lounge - AB,FloorPlan,,False,128,Architectural,New Construction,Interior Presentation,False,vop_interwoven,c4bd07c2,fb0426f7,N,0.406,1.333333,1.333333,1.333333,canonical,False
2025-10-25,20251025T000000,8902097,921e5cf2-d950-4925-8c6d-1833718c5d41-0087cf7c,ILLUSTRATIVE VIEW - Level 1 - Providers Sleep Room - AB,FloorPlan,,False,128,Architectural,New Construction,Interior Presentation,False,vop_interwoven,c4bd07c2,fb0426f7,N,1.016,1.333333,1.333333,1.333333,canonical,False
2025-10-25,20251025T000000,8903182,921e5cf2-d950-4925-8c6d-1833718c5d41-0087d3b9,ILLUSTRATIVE RCP - LEVEL 1 - Providers Sleep Rm - AB,CeilingPlan,,False,96,Architectural,New Construction,Interiors Presentation,False,vop_interwoven,c4bd07c2,0c105088,N,0.266,1.0,1.0,1.0,canonical,False
2025-10-25,20251025T000000,8903207,921e5cf2-d950-4925-8c6d-1833718c5d41-0087d3e8,ILLUSTRATIVE RCP - LEVEL 5 - Nurse Station,CeilingPlan,,False,96,Architectural,New Construction,Interiors Presentation,False,vop_interwoven,c4bd07c2,0c105088,N,1.422,1.0,1.0,1.0,canonical,False
2025-10-25,20251025T000000,8904634,921e5cf2-d950-4925-8c6d-1833718c5d41-0087dfba,Working Plan - Level 5 - AB - DND,FloorPlan,,False,128,Architectural,New Construction,,False,vop_interwoven,c4bd07c2,fb0426f7,N,14.797,1.333333,1.333333,1.333333,canonical,False
2025-10-25,20251025T000000,8914762,829e202e-eb1e-44dd-89c8-883024c484e5-0088074a,ILLUSTRATIVE RCP - LEVEL 5 - MedSurg Patrm,CeilingPlan,,False,96,Architectural,New Construction,Interiors Presentation,False,vop_interwoven,c4bd07c2,0c105088,N,0.328,1.0,1.0,1.0,canonical,False
2025-10-25,20251025T000000,8914773,829e202e-eb1e-44dd-89c8-883024c484e5-00880755,ILLUSTRATIVE RCP - LEVEL 4 - Staff Lounge,CeilingPlan,,False,96,Architectural,New Construction,Interiors Presentation,False,vop_interwoven,c4bd07c2,0c105088,N,9.484,12.397721,1.0,12.397721,adaptive,True
2025-10-25,20251025T000000,8922320,6dff443e-a4ec-4897-a344-ad40c7592b90-008824d0,Section 8,Section,,False,128,Architectural,New Construction,,False,vop_interwoven,c4bd07c2,698085a8,N,11.828,1.333333,1.333333,1.333333,canonical,False
2025-10-25,20251025T000000,8926458,6dff443e-a4ec-4897-a344-ad40c7592b90-008834fa,Section 9,Section,,False,128,Architectural,New Construction,,False,vop_interwoven,c4bd07c2,698085a8,N,12.266,1.333333,1.333333,1.333333,canonical,False
2025-10-25,20251025T000000,9080253,4008d2b4-c3f9-4c0f-8d76-51db73d5a7f5-008a682c,ILLUSTRATIVE VIEW - Level 5 - Staff Lounge - AB,FloorPlan,,False,128,Architectural,New Construction,Interior Presentation,False,vop_interwoven,c4bd07c2,fb0426f7,N,0.641,1.333333,1.333333,1.333333,canonical,False
2025-10-25,20251025T000000,9080636,4008d2b4-c3f9-4c0f-8d76-51db73d5a7f5-008a6f56,ILLUSTRATIVE VIEW - Level 1 - Providers Sleep Room - AB Copy 1,FloorPlan,,False,128,Architectural,New Construction,,False,vop_interwoven,c4bd07c2,fb0426f7,N,0.969,1.333333,1.333333,1.333333,canonical,False
2025-10-25,20251025T000000,9109888,6308867f-eabc-40f7-b0aa-0f1635b934c8-008a93c0,Section 10,Section,,False,128,Architectural,New Construction,,False,vop_interwoven,c4bd07c2,698085a8,N,2.531,1.333333,1.333333,1.333333,canonical,False
2025-10-25,20251025T000000,9121532,f18bc156-1fd5-434a-9435-7f98af09dd93-008b18b1,Working RCP - LEVEL 5 - Nurse Station Copy 1,CeilingPlan,,False,96,Architectural,New Construction,Interiors Presentation,False,vop_interwoven,c4bd07c2,0c105088,N,4.688,1.013192,1.0,1.013192,adaptive,True
2025-10-25,20251025T000000,9196119,b0d70137-3cb2-497f-8ffd-245f518c65f2-008c5257,ILLUSTRATIVE RCP - LEVEL 5 - Nurse Station Copy 1,CeilingPlan,,False,96,Architectural,New Construction,Interiors Presentation,False,vop_interwoven,c4bd07c2,0c105088,N,1.375,1.0,1.0,1.0,canonical,False
2025-10-25,20251025T000000,9199123,84e517ae-8a50-4d56-8a9a-ae3f51d3db92-008c5e13,Elevation 14 - a,Elevation,,False,128,Architectural,New Construction,,False,vop_interwoven,c4bd07c2,f62ab627,N,1.734,1.333333,1.333333,1.333333,canonical,False
2025-10-25,20251025T000000,9199133,84e517ae-8a50-4d56-8a9a-ae3f51d3db92-008c5e1d,Elevation 15 - a,Elevation,,False,128,Architectural,New Construction,,False,vop_interwoven,c4bd07c2,f62ab627,N,0.969,1.333333,1.333333,1.333333,canonical,False
2025-10-25,20251025T000000,9199193,84e517ae-8a50-4d56-8a9a-ae3f51d3db92-008c5e59,Elevation 16 - a,Elevation,,False,128,Architectural,New Construction,,False,vop_interwoven,c4bd07c2,f62ab627,N,1.953,1.333333,1.333333,1.333333,canonical,False
2025-10-25,20251025T000000,9201339,73b7ad99-4095-4d5a-a715-78fd013c4904-008c6086,Section 11,Section,,False,128,Architectural,New Construction,,False,vop_interwoven,c4bd07c2,698085a8,N,8.531,1.333333,1.333333,1.333333,canonical,False
2025-10-25,20251025T000000,9201352,73b7ad99-4095-4d5a-a715-78fd013c4904-008c6486,d,CeilingPlan,,False,96,Architectural,New Construction,Interiors Presentation,False,vop_interwoven,c4bd07c2,0c105088,N,0.266,1.0,1.0,1.0,canonical,False
2025-10-25,20251025T000000,9214068,1a459071-99b6-44a5-a8f4-d15d3d4fe8fa-008c8fee,ILLUSTRATIVE VIEW - Level 1 - CT Scan - SR,FloorPlan,,False,128,Architectural,New Construction,Interior Presentation,False,vop_interwoven,c4bd07c2,fb0426f7,N,0.734,1.333333,1.333333,1.333333,canonical,False
2025-10-25,20251025T000000,9215147,1a459071-99b6-44a5-a8f4-d15d3d4fe8fa-008c9426,ILLUSTRATIVE VIEW - Level 1 - MRI - SR,FloorPlan,,False,128,Architectural,New Construction,Interior Presentation,False,vop_interwoven,c4bd07c2,fb0426f7,N,0.656,1.333333,1.333333,1.333333,canonical,False
2025-10-25,20251025T000000,9220122,94f8db4c-91fe-42ac-a761-582934ec5343-008ca517,LOWER LEVEL,CeilingPlan,,False,96,Coordination,New Construction,,False,vop_interwoven,c4bd07c2,1d851332,N,4.438,12.603271,1.0,12.603271,adaptive,True
2025-10-25,20251025T000000,9220131,94f8db4c-91fe-42ac-a761-582934ec5343-008ca520,ILLUSTRATIVE RCP - LEVEL 1 - MRI - SR,CeilingPlan,,False,96,Architectural,New Construction,Interiors Presentation,False,vop_interwoven,c4bd07c2,0c105088,N,0.453,1.0,1.0,1.0,canonical,False
2025-10-25,20251025T000000,9220141,296b6373-1c0f-4eee-991a-af863e3424cf-008cb02d,ILLUSTRATIVE RCP - LEVEL 1 - CT Scan - SR,CeilingPlan,,False,96,Architectural,New Construction,Interiors Presentation,False,vop_interwoven,c4bd07c2,0c105088,N,0.531,1.0,1.0,1.0,canonical,False
2025-10-25,20251025T000000,9236660,d89e674f-edd1-4dd0-9ec6-6826320f5e49-008cc555,Section 12,Section,,False,128,Architectural,New Construction,,False,vop_interwoven,c4bd07c2,698085a8,N,0.562,1.333333,1.333333,1.333333,canonical,False
2025-10-25,20251025T000000,9308841,08fb0df4-5036-427c-9396-73ef5eea1af8-008e0aa9,ILLUSTRATIVE RCP - LEVEL 1 - Working - SR,CeilingPlan,,False,96,Architectural,New Construction,Interiors Presentation,False,vop_interwoven,c4bd07c2,0c105088,N,1.562,1.0,1.0,1.0,canonical,False
2025-10-25,20251025T000000,9311774,08fb0df4-5036-427c-9396-73ef5eea1af8-008e161e,ILLUSTRATIVE RCP - LEVEL 1 - Working CT Scan - SR,CeilingPlan,,False,96,Architectural,New Construction,Interiors Presentation,False,vop_interwoven,c4bd07c2,0c105088,N,2.234,1.0,1.0,1.0,canonical,False
2025-10-25,20251025T000000,9468987,e6b83172-07d9-45c4-9c44-fc6dfd968a3a-0090529d,(N) LEVEL 1 - Wall Types BP,FloorPlan,,False,48,Architectural,New Construction,Wall Study,False,vop_interwoven,c4bd07c2,a6bae375,N,25.406,0.5,0.5,0.5,canonical,False
2025-10-25,20251025T000000,9560929,4a2f0460-0b15-4c8b-8efd-f81db01a72c1-0091e361,(N) LEVEL 2  - Wall Types BP,FloorPlan,,False,48,Architectural,New Construction,Wall Study,False,vop_interwoven,c4bd07c2,a6bae375,N,13.750,0.5,0.5,0.5,canonical,False
2025-10-25,20251025T000000,9594635,1b70b4f5-792e-4282-91ce-5794afaa1939-0092670b,(N) LEVEL 3 - Wall Types BP,FloorPlan,,False,48,Architectural,New Construction,Wall Study,False,vop_interwoven,c4bd07c2,a6bae375,N,32.172,0.5,0.5,0.5,canonical,False
2025-10-25,20251025T000000,9595813,1b70b4f5-792e-4282-91ce-5794afaa1939-00926ba5,(N) LEVEL 4 - Wall Types BP,FloorPlan,,False,48,Architectural,New Construction,Wall Study,False,vop_interwoven,c4bd07c2,a6bae375,N,18.078,0.5,0.5,0.5,canonical,False
2025-10-25,20251025T000000,9596211,1b70b4f5-792e-4282-91ce-5794afaa1939-00926d33,(N) LEVEL 5 - Wall Types BP,FloorPlan,,False,48,Architectural,New Construction,Wall Study,False,vop_interwoven,c4bd07c2,a6bae375,N,17.609,0.5,0.5,0.5,canonical,False
2025-10-25,20251025T000000,10153621,3d8d7bcf-c388-4336-9a9d-029930a7f576-009ac20d,Glazing Study - L2 West 1,Elevation,,False,96,Architectural,New Construction,Study - Glazing,False,vop_interwoven,c4bd07c2,54f7e146,N,1.984,1.0,1.0,1.0,canonical,False
2025-10-25,20251025T000000,10153631,3d8d7bcf-c388-4336-9a9d-029930a7f576-009ac231,Glazing Study - L2 East 1,Elevation,,False,96,Architectural,New Construction,Study - Glazing,False,vop_interwoven,c4bd07c2,54f7e146,N,0.109,1.0,1.0,1.0,canonical,False
2025-10-25,20251025T000000,10153641,d509f28e-dd21-47aa-9667-8ededb252518-009ac284,Glazing Study - L2 North 1,Elevation,,False,96,Architectural,New Construction,Study - Glazing,False,vop_interwoven,c4bd07c2,54f7e146,N,0.391,1.0,1.0,1.0,canonical,False
2025-10-25,20251025T000000,10153651,d509f28e-dd21-47aa-9667-8ededb252518-009ac2a5,Glazing Study - L3 South,Elevation,,False,96,Architectural,New Construction,Study - Glazing,False,vop_interwoven,c4bd07c2,54f7e146,N,0.781,1.0,1.0,1.0,canonical,False
2025-10-25,20251025T000000,10153661,d509f28e-dd21-47aa-9667-8ededb252518-009ac2c3,Glazing Study - L3 West 1,Elevation,,False,96,Architectural,New Construction,Study - Glazing,False,vop_interwoven,c4bd07c2,54f7e146,N,0.203,1.0,1.0,1.0,canonical,False
2025-10-25,20251025T000000,10153673,d509f28e-dd21-47aa-9667-8ededb252518-009ac2e3,Glazing Study - L3 North 1,Elevation,,False,96,Architectural,New Construction,Study - Glazing,False,vop_interwoven,c4bd07c2,54f7e146,N,0.859,1.0,1.0,1.0,canonical,False
2025-10-25,20251025T000000,10153685,d509f28e-dd21-47aa-9667-8ededb252518-009ac303,Glazing Study - L3 West 2,Elevation,,False,96,Architectural,New Construction,Study - Glazing,False,vop_interwoven,c4bd07c2,54f7e146,N,0.453,1.0,1.0,1.0,canonical,False
2025-10-25,20251025T000000,10153697,be9705bd-289b-4879-8fd2-40123a8877a0-009ac325,Glazing Study - L4 North 1,Elevation,,False,96,Architectural,New Construction,Study - Glazing,False,vop_interwoven,c4bd07c2,54f7e146,N,0.297,1.0,1.0,1.0,canonical,False
2025-10-25,20251025T000000,10153707,be9705bd-289b-4879-8fd2-40123a8877a0-009ac348,Glazing Study - L4 West 1,Elevation,,False,96,Architectural,New Construction,Study - Glazing,False,vop_interwoven,c4bd07c2,54f7e146,N,1.734,1.0,1.0,1.0,canonical,False
2025-10-25,20251025T000000,10153717,be9705bd-289b-4879-8fd2-40123a8877a0-009ac371,Glazing Study - L4 West 2,Elevation,,False,96,Architectural,New Construction,Study - Glazing,False,vop_interwoven,c4bd07c2,54f7e146,N,2.234,1.0,1.0,1.0,canonical,False
2025-10-25,20251025T000000,10233616,fe963b57-205c-4630-a4ce-28e8a6fd00ca-009b9e09,PTRM1 DLS,FloorPlan,AX-440,True,32,Architectural,New Construction,,False,vop_interwoven,c4bd07c2,9e9dccd6,N,0.609,0.333333,0.333333,0.333333,canonical,False
2025-10-25,20251025T000000,10233634,fe963b57-205c-4630-a4ce-28e8a6fd00ca-009b9e1e,PTRM1 STP - SOUTH,FloorPlan,AX-440,True,32,Architectural,New Construction,,False,vop_interwoven,c4bd07c2,9e9dccd6,N,0.531,0.333333,0.333333,0.333333,canonical,False
2025-10-25,20251025T000000,10233651,fe963b57-205c-4630-a4ce-28e8a6fd00ca-009b9ed8,PTRMS STP,FloorPlan,,False,32,Architectural,New Construction,,False,vop_interwoven,c4bd07c2,81061819,N,0.812,0.333333,0.333333,0.333333,canonical,False
2025-10-25,20251025T000000,10233664,fe963b57-205c-4630-a4ce-28e8a6fd00ca-009b9eed,PTRM1 STP - EAST,FloorPlan,AX-440,True,32,Architectural,New Construction,,False,vop_interwoven,c4bd07c2,9e9dccd6,N,0.609,0.333333,0.333333,0.333333,canonical,False
2025-10-25,20251025T000000,10233676,fe963b57-205c-4630-a4ce-28e8a6fd00ca-009b9efc,(N) LEVEL 4 - Wall Types BP - Callout 1,FloorPlan,,False,24,Architectural,New Construction,,False,vop_interwoven,c4bd07c2,10ef4df1,N,0.609,0.25,0.25,0.25,canonical,False
2025-10-25,20251025T000000,10233687,fe963b57-205c-4630-a4ce-28e8a6fd00ca-009b9f0d,PTRM1 STP - CORNER CONDITION,FloorPlan,,False,32,Architectural,New Construction,,False,vop_interwoven,c4bd07c2,81061819,N,0.594,0.333333,0.333333,0.333333,canonical,False
2025-10-25,20251025T000000,10233700,fe963b57-205c-4630-a4ce-28e8a6fd00ca-009b9f1f,PTRM1 STP - WEST,FloorPlan,AX-440,True,32,Architectural,New Construction,,False,vop_interwoven,c4bd07c2,9e9dccd6,N,0.719,0.333333,0.333333,0.333333,canonical,False
2025-10-25,20251025T000000,10356524,025d279c-470e-4236-a36a-bca736d14ea3-009d4640,(N) LEVEL 1X - DEPARTMENT PLAN LH,FloorPlan,,False,384,Architectural,New Construction,(N) - HOSPITAL - COMPOSITE PLANS,False,vop_interwoven,c4bd07c2,b63bfdbf,N,13.984,4.0,4.0,4.0,canonical,False
2025-10-25,20251025T000000,10357117,025d279c-470e-4236-a36a-bca736d14ea3-009d4935,LEVEL 1 - DEPARTMENT PLAN,AreaPlan,G020,True,384,Architectural,New Construction,(N) - HOSPITAL DEPT AREA PLANS,False,vop_interwoven,c4bd07c2,de2aaa60,N,0.625,4.0,4.0,4.0,canonical,False
2025-10-25,20251025T000000,10441324,b640d5c5-64d7-4006-96e3-9db303cb63b8-009f2ce5,LEVEL 2,AreaPlan,,False,384,Architectural,New Construction,(N) - HOSPITAL DEPT AREA PLANS,False,vop_interwoven,c4bd07c2,3941313f,N,0.500,4.0,4.0,4.0,canonical,False
2025-10-25,20251025T000000,10449631,bd931904-576a-4af5-94eb-669f66bd294d-009f5d7c,LEVEL 6 - DGSF Copy 1,AreaPlan,,False,384,Architectural,New Construction,(N) - HOSPITAL DEPT AREA PLANS,False,vop_interwoven,c4bd07c2,3941313f,N,0.375,4.0,4.0,4.0,canonical,False
2025-10-25,20251025T000000,10481315,b6aa2d30-7f91-4dc0-84fc-6a7bf156a6be-009feea3,LEVEL 1,AreaPlan,,False,96,Coordination,New Construction,,False,vop_interwoven,c4bd07c2,b7c61127,N,3.766,12.603271,1.0,12.603271,adaptive,True
2025-10-25,20251025T000000,10487147,b6aa2d30-7f91-4dc0-84fc-6a7bf156a6be-00a0056b,LOWER LEVEL,AreaPlan,G020,True,384,Architectural,New Construction,(N) - HOSPITAL DEPT AREA PLANS,False,vop_interwoven,c4bd07c2,de2aaa60,N,0.453,4.0,4.0,4.0,canonical,False
2025-10-25,20251025T000000,10487233,b6aa2d30-7f91-4dc0-84fc-6a7bf156a6be-00a005c1,LEVEL 2,AreaPlan,G020,True,384,Architectural,New Construction,(N) - HOSPITAL DEPT AREA PLANS,False,vop_interwoven,c4bd07c2,de2aaa60,N,0.594,4.0,4.0,4.0,canonical,False
2025-10-25,20251025T000000,10487378,b6aa2d30-7f91-4dc0-84fc-6a7bf156a6be-00a00652,LEVEL 3,AreaPlan,G020,True,384,Architectural,New Construction,(N) - HOSPITAL DEPT AREA PLANS,False,vop_interwoven,c4bd07c2,de2aaa60,N,0.688,4.0,4.0,4.0,canonical,False
2025-10-25,20251025T000000,10487565,b6aa2d30-7f91-4dc0-84fc-6a7bf156a6be-00a0070d,LEVEL 4,AreaPlan,G020,True,384,Architectural,New Construction,(N) - HOSPITAL DEPT AREA PLANS,False,vop_interwoven,c4bd07c2,de2aaa60,N,0.391,4.0,4.0,4.0,canonical,False
2025-10-25,20251025T000000,10487718,b6aa2d30-7f91-4dc0-84fc-6a7bf156a6be-00a007a6,LEVEL 5,AreaPlan,G020,True,384,Architectural,New Construction,(N) - HOSPITAL DEPT AREA PLANS,False,vop_interwoven,c4bd07c2,de2aaa60,N,0.391,4.0,4.0,4.0,canonical,False
2025-10-25,20251025T000000,10487860,b6aa2d30-7f91-4dc0-84fc-6a7bf156a6be-00a00834,LEVEL 6,AreaPlan,G020,True,384,Architectural,New Construction,(N) - HOSPITAL DEPT AREA PLANS,False,vop_interwoven,c4bd07c2,de2aaa60,N,0.484,4.0,4.0,4.0,canonical,False
2025-10-25,20251025T000000,10521612,1cb54c9b-f0ad-4622-96e7-7c7a72ff368c-00a086a0,PENTHOUSE,AreaPlan,G020,True,384,Architectural,Future,(N) - HOSPITAL DEPT AREA PLANS,False,vop_interwoven,c4bd07c2,de2aaa60,N,0.172,4.0,4.0,4.0,canonical,False
2025-10-25,20251025T000000,10549377,3e0d5256-f573-4f7d-b411-c8dad337c591-00a0f881,STEPRO - Office Window,Elevation,,False,48,Architectural,New Construction,"Elevation - Interior - 1/4""",False,vop_interwoven,c4bd07c2,b0df3e9d,N,0.516,0.5,0.5,0.5,canonical,False
2025-10-25,20251025T000000,10559583,949e447d-4875-4d5a-979c-35fe0c4a3092-00a0eccf,RATED PARTITION-RATED SHAFTWALL INTERSECTION,DraftingView,H-A905.1,True,4,Coordination,,,False,vop_interwoven,c4bd07c2,b700f958,N,0.500,0.041667,0.041667,0.041667,canonical,False
2025-10-25,20251025T000000,10559689,949e447d-4875-4d5a-979c-35fe0c4a3092-00a0ed39,2HR RATED WALL BASE,DraftingView,H-A905.1,True,4,Coordination,,,False,vop_interwoven,c4bd07c2,b700f958,N,0.156,0.041667,0.041667,0.041667,canonical,False
2025-10-25,20251025T000000,10559754,949e447d-4875-4d5a-979c-35fe0c4a3092-00a0ed7a,RATED SHAFT BASE,DraftingView,H-A905.1,True,4,Coordination,,,False,vop_interwoven,c4bd07c2,b700f958,N,0.156,0.041667,0.041667,0.041667,canonical,False
2025-10-25,20251025T000000,10559801,949e447d-4875-4d5a-979c-35fe0c4a3092-00a0eda9,TYPICAL SHAFT HEAD TO DECK,DraftingView,H-A905.1,True,4,Coordination,,,False,vop_interwoven,c4bd07c2,b700f958,N,0.453,0.041667,0.041667,0.041667,canonical,False
2025-10-25,20251025T000000,10560027,949e447d-4875-4d5a-979c-35fe0c4a3092-00a0ee8b,TYPICAL RATED PARTITION HEAD TO DECK,DraftingView,H-A905.1,True,4,Coordination,,,False,vop_interwoven,c4bd07c2,b700f958,N,0.547,0.041667,0.041667,0.041667,canonical,False
2025-10-25,20251025T000000,10560249,949e447d-4875-4d5a-979c-35fe0c4a3092-00a0ef69,TYPICAL RATED PARTITION INTERSECTION,DraftingView,H-A905.1,True,4,Coordination,,,False,vop_interwoven,c4bd07c2,b700f958,N,0.375,0.041667,0.041667,0.041667,canonical,False
2025-10-25,20251025T000000,10560324,949e447d-4875-4d5a-979c-35fe0c4a3092-00a0efb4,NON-RATED WALL INTERSECTION AT 1HR RATED PARTITION,DraftingView,H-A905.1,True,4,Coordination,,,False,vop_interwoven,c4bd07c2,b700f958,N,0.141,0.041667,0.041667,0.041667,canonical,False
2025-10-25,20251025T000000,10560339,949e447d-4875-4d5a-979c-35fe0c4a3092-00a0efc3,TYPICAL NON-RATED PARTITION INTERSECTION,DraftingView,H-A905.1,True,4,Coordination,,,False,vop_interwoven,c4bd07c2,b700f958,N,0.219,0.041667,0.041667,0.041667,canonical,False
2025-10-25,20251025T000000,10560377,949e447d-4875-4d5a-979c-35fe0c4a3092-00a0efe9,NON-RATED WALL INTERSECTION AT 2HR RATED PARTITION,DraftingView,H-A905.1,True,4,Coordination,,,False,vop_interwoven,c4bd07c2,b700f958,N,0.172,0.041667,0.041667,0.041667,canonical,False
2025-10-25,20251025T000000,10560399,949e447d-4875-4d5a-979c-35fe0c4a3092-00a0efff,1HR RATED WALL BASE,DraftingView,H-A905.1,True,4,Coordination,,,False,vop_interwoven,c4bd07c2,b700f958,N,0.141,0.041667,0.041667,0.041667,canonical,False
2025-10-25,20251025T000000,10560656,949e447d-4875-4d5a-979c-35fe0c4a3092-00a0f100,RATED SHAFTWALL-RATED SHAFTWALL INTERSECTION,DraftingView,H-A905.1,True,4,Coordination,,,False,vop_interwoven,c4bd07c2,b700f958,N,3.406,0.041667,0.041667,0.041667,canonical,False
2025-10-25,20251025T000000,10562119,949e447d-4875-4d5a-979c-35fe0c4a3092-00a0f6b7,1HR-2HR RATED PARTITION CORNER INTERSECTION,DraftingView,H-A905.1,True,4,Coordination,,,False,vop_interwoven,c4bd07c2,b700f958,N,0.672,0.041667,0.041667,0.041667,canonical,False
2025-10-25,20251025T000000,10562337,949e447d-4875-4d5a-979c-35fe0c4a3092-00a0f791,1HR-2HR DRYWALL CORNER,DraftingView,H-A905.1,True,4,Coordination,,,False,vop_interwoven,c4bd07c2,b700f958,N,0.812,0.041667,0.041667,0.041667,canonical,False
2025-10-25,20251025T000000,10584569,949e447d-4875-4d5a-979c-35fe0c4a3092-00a14f34,RECESSED EQUIP. @ 1 HR WALL,DraftingView,H-A905.2,True,4,Coordination,,,False,vop_interwoven,c4bd07c2,2d15e9c7,N,0.219,0.041667,0.041667,0.041667,canonical,False
2025-10-25,20251025T000000,10584599,949e447d-4875-4d5a-979c-35fe0c4a3092-00a14f52,"RECESSED EQUIP. 21"" @ 1 HR WALL",DraftingView,H-A905.2,True,4,Coordination,,,False,vop_interwoven,c4bd07c2,2d15e9c7,N,0.188,0.041667,0.041667,0.041667,canonical,False
2025-10-25,20251025T000000,10584630,949e447d-4875-4d5a-979c-35fe0c4a3092-00a14f71,RECESSED EQUIP. @ 2 HR WALL,DraftingView,H-A905.2,True,4,Coordination,,,False,vop_interwoven,c4bd07c2,2d15e9c7,N,0.234,0.041667,0.041667,0.041667,canonical,False
2025-10-25,20251025T000000,10584667,949e447d-4875-4d5a-979c-35fe0c4a3092-00a14f96,GYP. BD. CONTROL JOINT,DraftingView,H-A905.2,True,4,Coordination,,,False,vop_interwoven,c4bd07c2,2d15e9c7,N,0.109,0.041667,0.041667,0.041667,canonical,False
2025-10-25,20251025T000000,10584697,949e447d-4875-4d5a-979c-35fe0c4a3092-00a14fb4,GYP. BD. CONTROL JOINT @ FIRE RESISTANT PTN. (OPTIONAL),DraftingView,H-A905.2,True,4,Coordination,,,False,vop_interwoven,c4bd07c2,2d15e9c7,N,0.578,0.041667,0.041667,0.041667,canonical,False
2025-10-25,20251025T000000,10584811,949e447d-4875-4d5a-979c-35fe0c4a3092-00a15026,GYP. BD. CONTROL JOINT @ 2 HR RATED,DraftingView,H-A905.2,True,4,Coordination,,,False,vop_interwoven,c4bd07c2,2d15e9c7,N,0.750,0.041667,0.041667,0.041667,canonical,False
2025-10-25,20251025T000000,10584970,949e447d-4875-4d5a-979c-35fe0c4a3092-00a150c5,RECESSED FEC DETAIL,DraftingView,H-A905.2,True,8,Coordination,,,False,vop_interwoven,c4bd07c2,ad28ee15,N,0.531,0.083333,0.083333,0.083333,canonical,False
2025-10-25,20251025T000000,10585194,949e447d-4875-4d5a-979c-35fe0c4a3092-00a151a5,DETAIL - EOS AT STAIR,DraftingView,H-A905.2,True,4,Coordination,,,False,vop_interwoven,c4bd07c2,2d15e9c7,N,0.219,0.041667,0.041667,0.041667,canonical,False
2025-10-25,20251025T000000,10585249,949e447d-4875-4d5a-979c-35fe0c4a3092-00a151dc,DETAIL - EOS AT ELEVATOR SHAFT,DraftingView,H-A905.2,True,4,Coordination,,,False,vop_interwoven,c4bd07c2,2d15e9c7,N,0.188,0.041667,0.041667,0.041667,canonical,False
2025-10-25,20251025T000000,10585344,949e447d-4875-4d5a-979c-35fe0c4a3092-00a1523b,DETAIL - EOS AT MECHANICAL SHAFT,DraftingView,H-A905.2,True,4,Coordination,,,False,vop_interwoven,c4bd07c2,2d15e9c7,N,0.234,0.041667,0.041667,0.041667,canonical,False
2025-10-25,20251025T000000,10585527,949e447d-4875-4d5a-979c-35fe0c4a3092-00a152f2,RECESSED 4 WINDS MONITOR @NON RATED WALL,DraftingView,H-A905.2,True,4,Coordination,,,False,vop_interwoven,c4bd07c2,2d15e9c7,N,0.391,0.041667,0.041667,0.041667,canonical,False
2025-10-25,20251025T000000,10585967,949e447d-4875-4d5a-979c-35fe0c4a3092-00a154aa,RECESSED RADIATION MONITOR @ 1 HR WALL,DraftingView,H-A905.2,True,4,Coordination,,,False,vop_interwoven,c4bd07c2,2d15e9c7,N,0.250,0.041667,0.041667,0.041667,canonical,False
2025-10-25,20251025T000000,10585974,949e447d-4875-4d5a-979c-35fe0c4a3092-00a154b1,RECESSED RADIATION MONITOR @ NON-RATED WALL,DraftingView,H-A905.2,True,4,Coordination,,,False,vop_interwoven,c4bd07c2,2d15e9c7,N,0.156,0.041667,0.041667,0.041667,canonical,False
2025-10-25,20251025T000000,10586066,949e447d-4875-4d5a-979c-35fe0c4a3092-00a1550d,SEMI-RECESSED FEC DETAIL,DraftingView,H-A905.2,True,8,Coordination,,,False,vop_interwoven,c4bd07c2,ad28ee15,N,0.609,0.083333,0.083333,0.083333,canonical,False
2025-10-25,20251025T000000,10590030,949e447d-4875-4d5a-979c-35fe0c4a3092-00a164f9,2 HOUR HORIZONTAL DUCT PROTECTION,DraftingView,H-A905.3,True,4,Coordination,,,False,vop_interwoven,c4bd07c2,04e75c38,N,1.812,0.041667,0.041667,0.041667,canonical,False
2025-10-25,20251025T000000,10590373,949e447d-4875-4d5a-979c-35fe0c4a3092-00a16650,RATED WALL/CONCRETE PAD TYPE 1,DraftingView,H-A905.3,True,4,Coordination,,,False,vop_interwoven,c4bd07c2,04e75c38,N,0.156,0.041667,0.041667,0.041667,canonical,False
2025-10-25,20251025T000000,10590430,949e447d-4875-4d5a-979c-35fe0c4a3092-00a16689,RATED WALL/CONCRETE PAD TYPE 2,DraftingView,H-A905.3,True,4,Coordination,,,False,vop_interwoven,c4bd07c2,04e75c38,N,0.188,0.041667,0.041667,0.041667,canonical,False
2025-10-25,20251025T000000,10590495,949e447d-4875-4d5a-979c-35fe0c4a3092-00a166ca,RATED WALL/CONCRETE PAD TYPE 2B,DraftingView,H-A905.3,True,4,Coordination,,,False,vop_interwoven,c4bd07c2,04e75c38,N,0.156,0.041667,0.041667,0.041667,canonical,False
2025-10-25,20251025T000000,10590562,949e447d-4875-4d5a-979c-35fe0c4a3092-00a1670d,RATED WALL/CONCRETE PAD TYPE 3,DraftingView,H-A905.3,True,4,Coordination,,,False,vop_interwoven,c4bd07c2,04e75c38,N,0.250,0.041667,0.041667,0.041667,canonical,False
2025-10-25,20251025T000000,10590643,949e447d-4875-4d5a-979c-35fe0c4a3092-00a1675e,2HR T-RATING,DraftingView,H-A905.3,True,4,Coordination,,,False,vop_interwoven,c4bd07c2,04e75c38,N,0.656,0.041667,0.041667,0.041667,canonical,False
2025-10-25,20251025T000000,10590774,949e447d-4875-4d5a-979c-35fe0c4a3092-00a167e1,RATED FLOOR PENETRATION,DraftingView,H-A905.3,True,4,Coordination,,,False,vop_interwoven,c4bd07c2,04e75c38,N,0.188,0.041667,0.041667,0.041667,canonical,False
2025-10-25,20251025T000000,10590872,949e447d-4875-4d5a-979c-35fe0c4a3092-00a16843,SHOWER VALVE DETAIL,DraftingView,H-A905.3,True,4,Coordination,,,False,vop_interwoven,c4bd07c2,04e75c38,N,0.250,0.041667,0.041667,0.041667,canonical,False
2025-10-25,20251025T000000,10590952,949e447d-4875-4d5a-979c-35fe0c4a3092-00a16893,ACOUSTIC PIPE PENETRATION,DraftingView,H-A905.3,True,4,Coordination,,,False,vop_interwoven,c4bd07c2,04e75c38,N,0.516,0.041667,0.041667,0.041667,canonical,False
2025-10-25,20251025T000000,10591978,949e447d-4875-4d5a-979c-35fe0c4a3092-00a16c95,2HR T-RATING EXCEPTION AT EXPOSED PIPE PENETRATION,DraftingView,H-A905.3,True,4,Coordination,,,False,vop_interwoven,c4bd07c2,04e75c38,N,0.219,0.041667,0.041667,0.041667,canonical,False
2025-10-25,20251025T000000,10597823,949e447d-4875-4d5a-979c-35fe0c4a3092-00a183ac,I1- . PACU SILL,DraftingView,H-A905.4,True,8,Architectural,,,False,vop_interwoven,c4bd07c2,ebe4c0d8,N,0.406,0.083333,0.083333,0.083333,canonical,False
2025-10-25,20251025T000000,10597973,949e447d-4875-4d5a-979c-35fe0c4a3092-00a18442,SEALANT/FILLER DETAIL,DraftingView,H-A905.4,True,4,Coordination,,,False,vop_interwoven,c4bd07c2,f4bb94f4,N,0.547,0.041667,0.041667,0.041667,canonical,False
2025-10-25,20251025T000000,10598306,949e447d-4875-4d5a-979c-35fe0c4a3092-00a1858f,RATED WALL AND BEAM INTERACTION,DraftingView,H-A905.4,True,4,Coordination,,,False,vop_interwoven,c4bd07c2,f4bb94f4,N,0.344,0.041667,0.041667,0.041667,canonical,False
2025-10-25,20251025T000000,10598377,949e447d-4875-4d5a-979c-35fe0c4a3092-00a185d6,RATED WALL AND BEAM INTERACTION - SECTION,DraftingView,H-A905.4,True,4,Coordination,,,False,vop_interwoven,c4bd07c2,f4bb94f4,N,0.328,0.041667,0.041667,0.041667,canonical,False
2025-10-25,20251025T000000,10598643,949e447d-4875-4d5a-979c-35fe0c4a3092-00a186e0,PENETRATION AT TOP OF RATED WALL,DraftingView,H-A905.4,True,4,Coordination,,,False,vop_interwoven,c4bd07c2,f4bb94f4,N,0.250,0.041667,0.041667,0.041667,canonical,False
2025-10-25,20251025T000000,10598772,949e447d-4875-4d5a-979c-35fe0c4a3092-00a18761,STEEL PENETRATION THROUGH WALL,DraftingView,H-A905.4,True,8,Coordination,,,False,vop_interwoven,c4bd07c2,5d635c5d,N,0.281,0.083333,0.083333,0.083333,canonical,False
2025-10-25,20251025T000000,10601919,949e447d-4875-4d5a-979c-35fe0c4a3092-00a193fc,RATED WALL AT BOTTOM OF BEAM,DraftingView,H-A905.5,True,4,Coordination,,,False,vop_interwoven,c4bd07c2,9226b68a,N,0.281,0.041667,0.041667,0.041667,canonical,False
2025-10-25,20251025T000000,10602143,949e447d-4875-4d5a-979c-35fe0c4a3092-00a194dc,SHAFT WALL AT BOTTOM OF BEAM,DraftingView,H-A905.5,True,4,Coordination,,,False,vop_interwoven,c4bd07c2,9226b68a,N,0.250,0.041667,0.041667,0.041667,canonical,False
2025-10-25,20251025T000000,10602354,949e447d-4875-4d5a-979c-35fe0c4a3092-00a195af,RATED WALL AT BEAM OFFSET,DraftingView,H-A905.5,True,4,Coordination,,,False,vop_interwoven,c4bd07c2,9226b68a,N,0.297,0.041667,0.041667,0.041667,canonical,False
2025-10-25,20251025T000000,10602775,949e447d-4875-4d5a-979c-35fe0c4a3092-00a19754,HOISTWAY CANT STRIP,DraftingView,H-A905.5,True,4,Coordination,,,False,vop_interwoven,c4bd07c2,9226b68a,N,0.188,0.041667,0.041667,0.041667,canonical,False
2025-10-25,20251025T000000,10602849,949e447d-4875-4d5a-979c-35fe0c4a3092-00a1979e,RATED WALL TO UNDER SIDE OF BEAM AT SIDE PLATE LOCATIONS,DraftingView,H-A905.5,True,4,Coordination,,,False,vop_interwoven,c4bd07c2,9226b68a,N,0.609,0.041667,0.041667,0.041667,canonical,False
2025-10-25,20251025T000000,10603702,949e447d-4875-4d5a-979c-35fe0c4a3092-00a19af3,INTERSECTING RATED WALLS AT BEAM OFFSET,DraftingView,H-A905.5,True,4,Coordination,,,False,vop_interwoven,c4bd07c2,9226b68a,N,0.562,0.041667,0.041667,0.041667,canonical,False
2025-10-25,20251025T000000,10604315,949e447d-4875-4d5a-979c-35fe0c4a3092-00a19d58,2-HR PONY-WALL SHAFT ENCLOSURE AT L2 CLEAN UTILITY,DraftingView,H-A905.5,True,8,Architectural,,,False,vop_interwoven,c4bd07c2,4581a52b,N,0.469,0.083333,0.083333,0.083333,canonical,False
2025-10-25,20251025T000000,10604327,949e447d-4875-4d5a-979c-35fe0c4a3092-00a19d64,TYPICAL ACOUSTIC PARTITION HEAD TO DECK,DraftingView,H-A905.5,True,4,Coordination,,,False,vop_interwoven,c4bd07c2,9226b68a,N,0.359,0.041667,0.041667,0.041667,canonical,False
2025-10-25,20251025T000000,10604584,949e447d-4875-4d5a-979c-35fe0c4a3092-00a19e65,FIRE RATED JOINT AT SHAFT WALLS TO CONCRETE,DraftingView,H-A905.5,True,4,Coordination,,,False,vop_interwoven,c4bd07c2,9226b68a,N,0.156,0.041667,0.041667,0.041667,canonical,False
2025-10-25,20251025T000000,10662389,009ff425-978d-4b0e-80ff-e3322111b50f-00a2a103,PARTITION TYPES,DraftingView,H-A905,True,8,Coordination,,,False,vop_interwoven,c4bd07c2,5526ba7c,N,4.891,0.083333,0.083333,0.083333,canonical,False
2025-10-25,20251025T000000,10670136,04c857f2-cece-4667-81f3-efa9444bf676-00a2c2e6,LEAD LINED CEILING SECTION @ WALL,DraftingView,H-A905.6,True,4,Coordination,,,False,vop_interwoven,c4bd07c2,48e10734,N,0.281,0.041667,0.041667,0.041667,canonical,False
2025-10-25,20251025T000000,10670246,04c857f2-cece-4667-81f3-efa9444bf676-00a2c354,OUTSIDE CORNER CONNECTION,DraftingView,H-A905.6,True,4,Coordination,,,False,vop_interwoven,c4bd07c2,48e10734,N,0.156,0.041667,0.041667,0.041667,canonical,False
2025-10-25,20251025T000000,10670269,04c857f2-cece-4667-81f3-efa9444bf676-00a2c36b,INSIDE CORNER CONNECTION,DraftingView,H-A905.6,True,4,Coordination,,,False,vop_interwoven,c4bd07c2,48e10734,N,0.203,0.041667,0.041667,0.041667,canonical,False
2025-10-25,20251025T000000,10670391,04c857f2-cece-4667-81f3-efa9444bf676-00a2c3e5,SHIELDING CONNECTION,DraftingView,H-A905.6,True,4,Coordination,,,False,vop_interwoven,c4bd07c2,48e10734,N,0.141,0.041667,0.041667,0.041667,canonical,False
2025-10-25,20251025T000000,10670430,04c857f2-cece-4667-81f3-efa9444bf676-00a2c40c,INSIDE CORNER CONNECTION 2,DraftingView,H-A905.6,True,4,Coordination,,,False,vop_interwoven,c4bd07c2,48e10734,N,0.250,0.041667,0.041667,0.041667,canonical,False
2025-10-25,20251025T000000,10670508,04c857f2-cece-4667-81f3-efa9444bf676-00a2c45a,OUTSIDE CORNER CONNECTION W/ PLYWOOD,DraftingView,H-A905.6,True,4,Coordination,,,False,vop_interwoven,c4bd07c2,48e10734,N,0.266,0.041667,0.041667,0.041667,canonical,False
2025-10-25,20251025T000000,10670534,04c857f2-cece-4667-81f3-efa9444bf676-00a2c474,INSIDE CORNER CONNECTION PLYWOOD,DraftingView,H-A905.6,True,4,Coordination,,,False,vop_interwoven,c4bd07c2,48e10734,N,0.219,0.041667,0.041667,0.041667,canonical,False
2025-10-25,20251025T000000,10670981,04c857f2-cece-4667-81f3-efa9444bf676-00a2c633,SHIELDING CONNECTION W/ PLYWOOD,DraftingView,H-A905.6,True,4,Coordination,,,False,vop_interwoven,c4bd07c2,48e10734,N,0.188,0.041667,0.041667,0.041667,canonical,False
2025-10-25,20251025T000000,10671075,04c857f2-cece-4667-81f3-efa9444bf676-00a2c691,INTERSECTION CONNECTION W/ PLYWOOD,DraftingView,H-A905.6,True,4,Coordination,,,False,vop_interwoven,c4bd07c2,48e10734,N,0.250,0.041667,0.041667,0.041667,canonical,False
2025-10-25,20251025T000000,10671799,04c857f2-cece-4667-81f3-efa9444bf676-00a2c965,LEAD LINED FLOOR SECTION @ WALL,DraftingView,H-A905.6,True,4,Coordination,,,False,vop_interwoven,c4bd07c2,48e10734,N,0.219,0.041667,0.041667,0.041667,canonical,False
2025-10-25,20251025T000000,10671904,04c857f2-cece-4667-81f3-efa9444bf676-00a2c9ce,LEAD LINED W/ PLYWOOD FLOOR SECTION @ WALL,DraftingView,H-A905.6,True,4,Coordination,,,False,vop_interwoven,c4bd07c2,48e10734,N,0.344,0.041667,0.041667,0.041667,canonical,False
2025-10-25,20251025T000000,10672083,04c857f2-cece-4667-81f3-efa9444bf676-00a2ca81,LEAD SHIELDING FOR VERTICAL DUCT THRU CEILING,DraftingView,H-A905.6,True,8,Coordination,,,False,vop_interwoven,c4bd07c2,c33f2e37,N,0.797,0.083333,0.083333,0.083333,canonical,False
2025-10-25,20251025T000000,10672311,04c857f2-cece-4667-81f3-efa9444bf676-00a2cb65,LEAD SHIELDING OVER DUCT/HVAC THRU CEILING,DraftingView,H-A905.6,True,8,Coordination,,,False,vop_interwoven,c4bd07c2,c33f2e37,N,0.688,0.083333,0.083333,0.083333,canonical,False
2025-10-25,20251025T000000,10672495,04c857f2-cece-4667-81f3-efa9444bf676-00a2cc1d,Lead Shielding ACT Ceiling Detail,DraftingView,H-A905.6,True,4,Architectural,,,False,vop_interwoven,c4bd07c2,e619da51,N,0.703,0.041667,0.041667,0.041667,canonical,False
2025-10-25,20251025T000000,10672774,04c857f2-cece-4667-81f3-efa9444bf676-00a2cd34,PETCT LEAD LINED PARTITION CORNER,DraftingView,H-A905.6,True,4,Coordination,,,False,vop_interwoven,c4bd07c2,48e10734,N,0.188,0.041667,0.041667,0.041667,canonical,False
2025-10-25,20251025T000000,10672931,04c857f2-cece-4667-81f3-efa9444bf676-00a2cdd1,BASE OF WALL (LEAD SHIELDING),DraftingView,H-A905.6,True,4,Coordination,,,False,vop_interwoven,c4bd07c2,48e10734,N,0.203,0.041667,0.041667,0.041667,canonical,False
2025-10-25,20251025T000000,10676410,04c857f2-cece-4667-81f3-efa9444bf676-00a2dbab,LEAD LINED CEILING SECTION @ WALL1,DraftingView,,False,4,Coordination,,,False,vop_interwoven,c4bd07c2,e6608a52,N,0.281,0.041667,0.041667,0.041667,canonical,False
2025-10-25,20251025T000000,10676520,04c857f2-cece-4667-81f3-efa9444bf676-00a2dc19,OUTSIDE CORNER CONNECTION1,DraftingView,,False,4,Coordination,,,False,vop_interwoven,c4bd07c2,e6608a52,N,0.203,0.041667,0.041667,0.041667,canonical,False
2025-10-25,20251025T000000,10676543,04c857f2-cece-4667-81f3-efa9444bf676-00a2dc30,INSIDE CORNER CONNECTION1,DraftingView,,False,4,Coordination,,,False,vop_interwoven,c4bd07c2,e6608a52,N,0.203,0.041667,0.041667,0.041667,canonical,False
2025-10-25,20251025T000000,10676665,04c857f2-cece-4667-81f3-efa9444bf676-00a2dcaa,SHIELDING CONNECTION1,DraftingView,,False,4,Coordination,,,False,vop_interwoven,c4bd07c2,e6608a52,N,0.234,0.041667,0.041667,0.041667,canonical,False
2025-10-25,20251025T000000,10676704,04c857f2-cece-4667-81f3-efa9444bf676-00a2dcd1,INSIDE CORNER CONNECTION 1,DraftingView,,False,4,Coordination,,,False,vop_interwoven,c4bd07c2,e6608a52,N,0.234,0.041667,0.041667,0.041667,canonical,False
2025-10-25,20251025T000000,10676782,04c857f2-cece-4667-81f3-efa9444bf676-00a2dd1f,OUTSIDE CORNER CONNECTION W/ PLYWOOD1,DraftingView,,False,4,Coordination,,,False,vop_interwoven,c4bd07c2,e6608a52,N,0.219,0.041667,0.041667,0.041667,canonical,False
2025-10-25,20251025T000000,10676808,04c857f2-cece-4667-81f3-efa9444bf676-00a2dd39,INSIDE CORNER CONNECTION PLYWOOD1,DraftingView,,False,4,Coordination,,,False,vop_interwoven,c4bd07c2,e6608a52,N,0.219,0.041667,0.041667,0.041667,canonical,False
2025-10-25,20251025T000000,10677255,04c857f2-cece-4667-81f3-efa9444bf676-00a2def8,SHIELDING CONNECTION W/ PLYWOOD1,DraftingView,,False,4,Coordination,,,False,vop_interwoven,c4bd07c2,e6608a52,N,0.156,0.041667,0.041667,0.041667,canonical,False
2025-10-25,20251025T000000,10677349,04c857f2-cece-4667-81f3-efa9444bf676-00a2df56,INTERSECTION CONNECTION W/ PLYWOOD1,DraftingView,,False,4,Coordination,,,False,vop_interwoven,c4bd07c2,e6608a52,N,0.266,0.041667,0.041667,0.041667,canonical,False
2025-10-25,20251025T000000,10678073,04c857f2-cece-4667-81f3-efa9444bf676-00a2e22a,LEAD LINED FLOOR SECTION @ WALL1,DraftingView,,False,4,Coordination,,,False,vop_interwoven,c4bd07c2,e6608a52,N,0.234,0.041667,0.041667,0.041667,canonical,False
2025-10-25,20251025T000000,10678178,04c857f2-cece-4667-81f3-efa9444bf676-00a2e293,LEAD LINED W/ PLYWOOD FLOOR SECTION @ WALL1,DraftingView,,False,4,Coordination,,,False,vop_interwoven,c4bd07c2,e6608a52,N,0.250,0.041667,0.041667,0.041667,canonical,False
2025-10-25,20251025T000000,10678357,04c857f2-cece-4667-81f3-efa9444bf676-00a2e346,LEAD SHIELDING FOR VERTICAL DUCT THRU CEILING1,DraftingView,,False,8,Coordination,,,False,vop_interwoven,c4bd07c2,4a2b094a,N,0.891,0.083333,0.083333,0.083333,canonical,False
2025-10-25,20251025T000000,10678585,04c857f2-cece-4667-81f3-efa9444bf676-00a2e42a,LEAD SHIELDING OVER DUCT/HVAC THRU CEILING1,DraftingView,,False,8,Coordination,,,False,vop_interwoven,c4bd07c2,4a2b094a,N,0.594,0.083333,0.083333,0.083333,canonical,False
2025-10-25,20251025T000000,10678769,04c857f2-cece-4667-81f3-efa9444bf676-00a2e4e2,Lead Shielding ACT Ceiling Detail1,DraftingView,,False,4,Architectural,,,False,vop_interwoven,c4bd07c2,d604260e,N,0.797,0.041667,0.041667,0.041667,canonical,False
2025-10-25,20251025T000000,10679048,04c857f2-cece-4667-81f3-efa9444bf676-00a2e5f9,PETCT LEAD LINED PARTITION CORNER1,DraftingView,,False,4,Coordination,,,False,vop_interwoven,c4bd07c2,e6608a52,N,0.188,0.041667,0.041667,0.041667,canonical,False
2025-10-25,20251025T000000,10679205,04c857f2-cece-4667-81f3-efa9444bf676-00a2e696,BASE OF WALL (LEAD SHIELDING)1,DraftingView,,False,4,Coordination,,,False,vop_interwoven,c4bd07c2,e6608a52,N,0.141,0.041667,0.041667,0.041667,canonical,False
2025-10-25,20251025T000000,10681430,2e3b3639-f46f-4d44-9f3a-b28cb42b77a2-00a20550,(N) LEVEL 3 - PARTIAL CORE PLAN TEST,FloorPlan,Z001,True,96,Architectural,New Construction,,False,vop_interwoven,c4bd07c2,b7a33716,N,17.016,1.0,1.0,1.0,canonical,False
2025-10-25,20251025T000000,10854006,1efdfa31-4280-453b-a681-5774c771a1a1-00a59e76,ILLUSTRATIVE RCP - LEVEL 5 - Working,CeilingPlan,,False,96,Architectural,New Construction,,False,vop_interwoven,c4bd07c2,0c105088,N,4.406,1.071238,1.0,1.071238,adaptive,True
2025-10-25,20251025T000000,10914955,fd978d29-e77a-4ae8-8834-ced56bf04d96-00a6808f,(N) LEVEL 1 QUADRANT TEST,FloorPlan,Z001,True,48,Architectural,New Construction,,False,vop_interwoven,c4bd07c2,9118770b,N,24.750,0.5,0.5,0.5,canonical,False
2025-10-25,20251025T000000,11068525,d3c7b833-6afe-4bc9-9dac-f13df88bfe70-00a8e343,H-G010 LOCATION MAP AND VICINITY MAP,DraftingView,G010,True,1,Coordination,,,False,vop_interwoven,c4bd07c2,b879693d,N,0.125,0.010417,0.010417,0.010417,canonical,False
2025-10-25,20251025T000000,11752186,cb14f4b2-ad7f-4a5a-adb6-bbec146f6557-00b352fa,Dynamo - Place Rooms 01,FloorPlan,,False,96,Coordination,New Construction,,False,vop_interwoven,c4bd07c2,1c1b4f43,N,24.531,1.136408,1.0,1.136408,adaptive,True
2025-10-25,20251025T000000,11826450,6d323283-5fb0-44ab-bcf5-97c2eecdaa0e-00b47512,Dynamo - Place Rooms 02,FloorPlan,,False,96,Coordination,New Construction,Dynamo - Place Rooms,False,vop_interwoven,c4bd07c2,1c1b4f43,N,12.312,1.095027,1.0,1.095027,adaptive,True
2025-10-25,20251025T000000,11826460,6d323283-5fb0-44ab-bcf5-97c2eecdaa0e-00b4751c,Dynamo - Place Rooms 03,FloorPlan,,False,96,Coordination,New Construction,Dynamo - Place Rooms,False,vop_interwoven,c4bd07c2,1c1b4f43,N,23.188,1.072731,1.0,1.072731,adaptive,True
2025-10-25,20251025T000000,11826470,6d323283-5fb0-44ab-bcf5-97c2eecdaa0e-00b47526,Dynamo - Place Rooms 04,FloorPlan,,False,96,Coordination,New Construction,Dynamo - Place Rooms,False,vop_interwoven,c4bd07c2,1c1b4f43,N,12.484,12.397721,1.0,12.397721,adaptive,True
2025-10-25,20251025T000000,11826480,6d323283-5fb0-44ab-bcf5-97c2eecdaa0e-00b47530,Dynamo - Place Rooms 05,FloorPlan,,False,96,Coordination,New Construction,Dynamo - Place Rooms,False,vop_interwoven,c4bd07c2,1c1b4f43,N,12.578,12.397721,1.0,12.397721,adaptive,True
2025-10-25,20251025T000000,11826490,6d323283-5fb0-44ab-bcf5-97c2eecdaa0e-00b4753a,Dynamo - Place Rooms 06,FloorPlan,,False,96,Coordination,New Construction,Dynamo - Place Rooms,False,vop_interwoven,c4bd07c2,1c1b4f43,N,2.375,12.397721,1.0,12.397721,adaptive,True
2025-10-25,20251025T000000,4622,48c45c7d-626c-4322-9158-ee176181a7f0-0000120e,Drawing Index Submission Matrix Legend,Legend,,False,1,,,,False,vop_interwoven,c4bd07c2,1ec3801d,N,0.094,0.010417,0.010417,0.010417,canonical,False
2025-10-25,20251025T000000,93005,4ddff382-592c-40fe-897d-3d3b032c68b6-00016b4d,Finish Legend,Legend,,False,48,,,,False,vop_interwoven,c4bd07c2,0ca13dfc,N,0.156,0.5,0.5,0.5,canonical,False
2025-10-25,20251025T000000,135136,100da9a9-5119-4d89-a3e6-05c561e8abf6-00020fe0,General Symbols Legend,Legend,,False,1,,,,False,vop_interwoven,c4bd07c2,1ec3801d,N,0.297,0.010417,0.010417,0.010417,canonical,False
2025-10-25,20251025T000000,141459,9854db98-3ceb-4a25-ba1c-f079273752c4-00022893,Architectural Symbols Legend,Legend,,False,1,,,,False,vop_interwoven,c4bd07c2,1ec3801d,N,0.188,0.010417,0.010417,0.010417,canonical,False
2025-10-25,20251025T000000,142022,d29d2e3a-7e98-4180-9434-73a607f28e79-00022ac6,Frame Types,Legend,,False,48,,,,False,vop_interwoven,c4bd07c2,0ca13dfc,N,0.078,0.5,0.5,0.5,canonical,False
2025-10-25,20251025T000000,142193,d29d2e3a-7e98-4180-9434-73a607f28e79-00022b71,Door Panel Types,Legend,,False,48,,,,False,vop_interwoven,c4bd07c2,0ca13dfc,N,0.594,0.5,0.5,0.5,canonical,False
2025-10-25,20251025T000000,145482,2d445a8e-1a5f-4d5a-9325-c9d787d8744a-0002384a,Reflected Ceiling Legend,Legend,,False,48,,,,False,vop_interwoven,c4bd07c2,0ca13dfc,N,0.094,0.5,0.5,0.5,canonical,False
2025-10-25,20251025T000000,1820106,509d897c-41d8-4915-8bbf-5687bffd6fdb-001baa4f,KEYPLAN 11x17,Legend,A321,True,4800,,,,False,vop_interwoven,c4bd07c2,14e2dd19,N,0.125,50.0,50.0,50.0,canonical,False
2025-10-25,20251025T000000,1932202,587a0afa-e556-4492-bdb7-2a22aa941627-001d3bd2,KEYPLAN Entitlement,Legend,9.1,True,3600,,,,False,vop_interwoven,c4bd07c2,b6015a90,N,0.156,37.5,37.5,37.5,canonical,False
2025-10-25,20251025T000000,3637726,33a4642b-efc8-4eae-92b4-ea5ca4c6a562-003781de,KEYPLAN 22x1,Legend,.A0091,True,1920,,,,False,vop_interwoven,c4bd07c2,ed5b3cc7,N,0.188,20.0,20.0,20.0,canonical,False
2025-10-25,20251025T000000,3640529,33a4642b-efc8-4eae-92b4-ea5ca4c6a562-00378cd1,KEYPLAN 22x2,Legend,.A3211,True,1920,,,,False,vop_interwoven,c4bd07c2,fbc95dde,N,0.203,20.0,20.0,20.0,canonical,False
2025-10-25,20251025T000000,4081208,7e383428-dcee-43ab-b7fd-c358a910d510-003e4638,4x8 PLANNING MODULE,Legend,,False,600,,,,False,vop_interwoven,c4bd07c2,31f89221,N,0.062,6.25,6.25,6.25,canonical,False
2025-10-25,20251025T000000,10669432,005cad95-7d97-4f1b-b4dd-f182a5169422-00a2bcb2,ACOUSTICAL TYPE,Legend,H-A905,True,1,,,,False,vop_interwoven,c4bd07c2,0b247886,N,0.297,0.010417,0.010417,0.010417,canonical,False
2025-10-25,20251025T000000,10669507,005cad95-7d97-4f1b-b4dd-f182a5169422-00a2bd02,GENERAL PARTITION PRIORITY DIAGRAM,Legend,H-A905,True,12,,,,False,vop_interwoven,c4bd07c2,ee890b41,N,0.219,0.125,0.125,0.125,canonical,False
2025-10-25,20251025T000000,10669852,271f5702-7e18-45b0-bacd-0f2cc25ffa9e-00a2c02d,FIRE-RATED ASSEMBLIES,Legend,H-A905,True,192,,,,False,vop_interwoven,c4bd07c2,096311c9,N,0.141,2.0,2.0,2.0,canonical,False
2025-10-25,20251025T000000,10669869,04c857f2-cece-4667-81f3-efa9444bf676-00a2c041,LEAD LINED PARTITION LEGEND,Legend,H-A905,True,12,,,,False,vop_interwoven,c4bd07c2,ee890b41,N,0.484,0.125,0.125,0.125,canonical,False
2025-10-25,20251025T000000,10669947,04c857f2-cece-4667-81f3-efa9444bf676-00a2c11c,GENERAL PARTITION GRAPHIC LEGEND,Legend,H-A905,True,48,,,,False,vop_interwoven,c4bd07c2,c13552de,N,0.562,0.5,0.5,0.5,canonical,False
2025-10-25,20251025T000000,10981328,3825a8e4-c3b5-4bb1-b20f-ed2813c74f79-00a78fd0,PLANNING KEYNOTE LEGEND,Legend,A112,True,128,,,,False,vop_interwoven,c4bd07c2,fd2ba97c,N,0.078,1.333333,1.333333,1.333333,canonical,False
2025-10-25,20251025T000000,11056475,876cf6d4-6088-4bdb-b467-af43e4a7d53c-00a8b54e,ROOM FINISH MATERIAL LEGEND,Legend,G006,True,192,,,,False,vop_interwoven,c4bd07c2,887b50f7,N,0.734,2.0,2.0,2.0,canonical,False
2025-10-25,20251025T000000,11056643,876cf6d4-6088-4bdb-b467-af43e4a7d53c-00a8b5f6,ARCHITECTURAL ABBREVIATIONS,Legend,G006,True,48,,,,False,vop_interwoven,c4bd07c2,41629551,N,0.281,0.5,0.5,0.5,canonical,False
2025-10-25,20251025T000000,11056657,876cf6d4-6088-4bdb-b467-af43e4a7d53c-00a8b604,H-GX.XX GENERAL SHEET NOTES,Legend,G006,True,48,,,,False,vop_interwoven,c4bd07c2,41629551,N,0.109,0.5,0.5,0.5,canonical,False
2025-10-25,20251025T000000,11056672,876cf6d4-6088-4bdb-b467-af43e4a7d53c-00a8b613,Toilet Accessories Schedule - General Sheet,Legend,G006,True,1,,,,False,vop_interwoven,c4bd07c2,921ef465,N,0.500,0.010417,0.010417,0.010417,canonical,False
2025-10-25,20251025T000000,11056776,876cf6d4-6088-4bdb-b467-af43e4a7d53c-00a8b67b,ARCHITECTURAL SYMBOLS LEGEND,Legend,G006,True,48,,,,False,vop_interwoven,c4bd07c2,41629551,N,5.062,0.5,0.5,0.5,canonical,False
2025-10-25,20251025T000000,11057291,876cf6d4-6088-4bdb-b467-af43e4a7d53c-00a8b87e,Window Shade Schedule - General Sheet,Legend,G006,True,1,,,,False,vop_interwoven,c4bd07c2,921ef465,N,0.156,0.010417,0.010417,0.010417,canonical,False
2025-10-25,20251025T000000,11057740,876cf6d4-6088-4bdb-b467-af43e4a7d53c-00a8ba3f,MEDICAL GAS LEGEND,Legend,G006,True,1,,,,False,vop_interwoven,c4bd07c2,921ef465,N,0.234,0.010417,0.010417,0.010417,canonical,False
2025-10-25,20251025T000000,11067394,d3c7b833-6afe-4bc9-9dac-f13df88bfe70-00a8dea7,0331_Arch-Project Data -CD,Legend,G010,True,1,,,,False,vop_interwoven,c4bd07c2,0aaacad9,N,0.094,0.010417,0.010417,0.010417,canonical,False
2025-10-25,20251025T000000,11067402,d3c7b833-6afe-4bc9-9dac-f13df88bfe70-00a8deaf,0331_Arch-Permit Packages -CD,Legend,G010,True,192,,,,False,vop_interwoven,c4bd07c2,bdf19054,N,0.078,2.0,2.0,2.0,canonical,False
2025-10-25,20251025T000000,11067410,d3c7b833-6afe-4bc9-9dac-f13df88bfe70-00a8deb7,2023-06-27_LICENSED BED SUMMARY CONTENT,Legend,G010,True,1,,,,False,vop_interwoven,c4bd07c2,0aaacad9,N,0.078,0.010417,0.010417,0.010417,canonical,False
2025-10-25,20251025T000000,11067417,d3c7b833-6afe-4bc9-9dac-f13df88bfe70-00a8debe,2023-06-27_PROJECT DESCRIPTION,Legend,G010,True,1,,,,False,vop_interwoven,c4bd07c2,0aaacad9,N,0.078,0.010417,0.010417,0.010417,canonical,False
2025-10-25,20251025T000000,11067424,d3c7b833-6afe-4bc9-9dac-f13df88bfe70-00a8dec5,2023-06-27_OSHPD INTENT,Legend,G010,True,1,,,,False,vop_interwoven,c4bd07c2,0aaacad9,N,0.062,0.010417,0.010417,0.010417,canonical,False
2025-10-25,20251025T000000,11067431,d3c7b833-6afe-4bc9-9dac-f13df88bfe70-00a8decc,2023-06-27_PROJECT DIRECTORY,Legend,G010,True,1,,,,False,vop_interwoven,c4bd07c2,0aaacad9,N,0.219,0.010417,0.010417,0.010417,canonical,False
